GCA_000006745	GCA_000006745.1_00927	409.0
GCA_000016245	GCA_000016245.1_00443	409.0
GCA_000021605	GCA_000021605.1_00885	409.0
GCA_000021625	GCA_000021625.1_00946	409.0
GCA_000022585	GCA_000022585.1_02455	409.0
GCA_000152425	GCA_000152425.1_02156	409.0
GCA_000152445	GCA_000152445.1_01114	409.0
GCA_000152465	GCA_000152465.2_01589	409.0
GCA_000153785	GCA_000153785.3_02530	409.0
GCA_000153865	GCA_000153865.1_03328	409.0
GCA_000153945	GCA_000153945.1_02895	409.0
GCA_000153965	GCA_000153965.1_02286	409.0
GCA_000153985	GCA_000153985.3_02029	409.0
GCA_000154005	GCA_000154005.2_01224	409.0
GCA_000166455	GCA_000166455.2_00410	409.0
GCA_000166475	GCA_000166475.2_02461	409.0
GCA_000166495	GCA_000166495.2_00346	409.0
GCA_000167935	GCA_000167935.2_02306	409.0
GCA_000168895	GCA_000168895.2_01859	409.0
GCA_000168915	GCA_000168915.3_01756	409.0
GCA_000168935	GCA_000168935.3_00022	398.0
GCA_000174115	GCA_000174115.1_01793	409.0
GCA_000174235	GCA_000174235.1_03232	409.0
GCA_000174255	GCA_000174255.1_00123	398.0
GCA_000174275	GCA_000174275.1_01566	409.0
GCA_000174295	GCA_000174295.1_02851	409.0
GCA_000174315	GCA_000174315.1_00207	409.0
GCA_000174335	GCA_000174335.1_03300	409.0
GCA_000175695	GCA_000175695.1_02757	409.0
GCA_000175975	GCA_000175975.1_02288	394.0
GCA_000176135	GCA_000176135.1_02547	405.0
GCA_000176215	GCA_000176215.1_01130	391.0
GCA_000176375	GCA_000176375.1_03030	394.0
GCA_000176395	GCA_000176395.1_01619	409.0
GCA_000176415	GCA_000176415.1_00172	382.0
GCA_000176435	GCA_000176435.1_00950	409.0
GCA_000176455	GCA_000176455.1_01743	409.0
GCA_000176715	GCA_000176715.1_02880	402.0
GCA_000195475	GCA_000195475.2_02708	405.0
GCA_000220725	GCA_000220725.2_01562	409.0
GCA_000220745	GCA_000220745.2_02378	409.0
GCA_000220765	GCA_000220765.2_00550	294.0
GCA_000220785	GCA_000220785.2_01759	294.0
GCA_000221345	GCA_000221345.1_01761	409.0
GCA_000221365	GCA_000221365.1_01875	409.0
GCA_000221385	GCA_000221385.1_01890	409.0
GCA_000221405	GCA_000221405.1_01405	409.0
GCA_000221425	GCA_000221425.1_00996	409.0
GCA_000221445	GCA_000221445.1_01042	409.0
GCA_000221465	GCA_000221465.1_01658	409.0
GCA_000221485	GCA_000221485.1_01003	409.0
GCA_000222145	GCA_000222145.1_01217	394.0
GCA_000234375	GCA_000234375.2_01519	409.0
GCA_000234395	GCA_000234395.2_02391	409.0
GCA_000234415	GCA_000234415.2_01934	409.0
GCA_000234435	GCA_000234435.2_02282	409.0
GCA_000234455	GCA_000234455.2_01663	409.0
GCA_000234865	GCA_000234865.1_01763	409.0
GCA_000234885	GCA_000234885.1_00985	409.0
GCA_000234905	GCA_000234905.1_00993	409.0
GCA_000234925	GCA_000234925.1_01885	409.0
GCA_000234945	GCA_000234945.1_01908	409.0
GCA_000234965	GCA_000234965.1_01254	409.0
GCA_000237405	GCA_000237405.2_00353	409.0
GCA_000237425	GCA_000237425.2_01940	409.0
GCA_000237445	GCA_000237445.2_01144	409.0
GCA_000237465	GCA_000237465.2_00834	409.0
GCA_000237505	GCA_000237505.2_00502	409.0
GCA_000237525	GCA_000237525.2_00270	409.0
GCA_000237545	GCA_000237545.2_02326	409.0
GCA_000237565	GCA_000237565.2_00916	409.0
GCA_000237585	GCA_000237585.2_01129	409.0
GCA_000237605	GCA_000237605.2_01380	409.0
GCA_000237625	GCA_000237625.2_03128	409.0
GCA_000237645	GCA_000237645.2_02121	409.0
GCA_000237665	GCA_000237665.2_01150	409.0
GCA_000237685	GCA_000237685.2_00607	409.0
GCA_000237705	GCA_000237705.2_00333	409.0
GCA_000237725	GCA_000237725.2_02400	409.0
GCA_000237745	GCA_000237745.2_01764	408.0
GCA_000237765	GCA_000237765.2_01311	409.0
GCA_000237785	GCA_000237785.2_00371	409.0
GCA_000250855	GCA_000250855.1_00919	409.0
GCA_000257415	GCA_000257415.2_00933	409.0
GCA_000272145	GCA_000272145.2_03431	388.0
GCA_000275645	GCA_000275645.1_00611	409.0
GCA_000279185	GCA_000279185.1_00925	409.0
GCA_000279205	GCA_000279205.1_01891	409.0
GCA_000279245	GCA_000279245.1_01980	409.0
GCA_000279265	GCA_000279265.1_01858	398.0
GCA_000279285	GCA_000279285.1_01085	398.0
GCA_000279305	GCA_000279305.1_01044	409.0
GCA_000279325	GCA_000279325.1_01759	409.0
GCA_000279345	GCA_000279345.1_01905	409.0
GCA_000279375	GCA_000279375.1_01891	409.0
GCA_000279395	GCA_000279395.1_00928	409.0
GCA_000279415	GCA_000279415.1_01033	409.0
GCA_000279435	GCA_000279435.1_00975	398.0
GCA_000279455	GCA_000279455.1_01816	409.0
GCA_000279555	GCA_000279555.1_00907	409.0
GCA_000279785	GCA_000279785.1_00909	409.0
GCA_000279955	GCA_000279955.1_01893	409.0
GCA_000281655	GCA_000281655.1_01153	409.0
GCA_000287135	GCA_000287135.2_01817	411.0
GCA_000299495	GCA_000299495.2_02032	398.0
GCA_000299515	GCA_000299515.2_00889	409.0
GCA_000299535	GCA_000299535.2_02527	409.0
GCA_000302755	GCA_000302755.1_00972	409.0
GCA_000302775	GCA_000302775.1_01886	409.0
GCA_000302835	GCA_000302835.1_00948	409.0
GCA_000302855	GCA_000302855.1_01688	409.0
GCA_000302875	GCA_000302875.1_01022	409.0
GCA_000302895	GCA_000302895.1_01143	372.0
GCA_000302965	GCA_000302965.1_01339	409.0
GCA_000302985	GCA_000302985.1_01892	409.0
GCA_000303005	GCA_000303005.1_01516	409.0
GCA_000303045	GCA_000303045.1_01835	409.0
GCA_000303065	GCA_000303065.1_01906	409.0
GCA_000303085	GCA_000303085.1_01891	398.0
GCA_000303105	GCA_000303105.1_01529	409.0
GCA_000303125	GCA_000303125.1_01883	409.0
GCA_000304755	GCA_000304755.1_01320	409.0
GCA_000304775	GCA_000304775.1_01848	409.0
GCA_000304795	GCA_000304795.1_01228	409.0
GCA_000304935	GCA_000304935.2_01168	409.0
GCA_000304995	GCA_000304995.1_01603	414.0
GCA_000305015	GCA_000305015.2_01624	409.0
GCA_000305055	GCA_000305055.2_01681	409.0
GCA_000305075	GCA_000305075.2_00993	409.0
GCA_000305095	GCA_000305095.2_01836	409.0
GCA_000305115	GCA_000305115.2_01503	398.0
GCA_000305135	GCA_000305135.2_01504	398.0
GCA_000305195	GCA_000305195.2_01725	102.0
GCA_000305525	GCA_000305525.2_00951	409.0
GCA_000305545	GCA_000305545.2_00792	409.0
GCA_000305565	GCA_000305565.2_00881	398.0
GCA_000305585	GCA_000305585.2_01799	409.0
GCA_000305605	GCA_000305605.1_00920	398.0
GCA_000305625	GCA_000305625.2_01865	409.0
GCA_000305645	GCA_000305645.2_01495	409.0
GCA_000305675	GCA_000305675.2_01477	409.0
GCA_000305695	GCA_000305695.2_00976	409.0
GCA_000318075	GCA_000318075.1_01321	409.0
GCA_000318485	GCA_000318485.2_01438	409.0
GCA_000318505	GCA_000318505.2_01675	409.0
GCA_000327105	GCA_000327105.3_00983	409.0
GCA_000327125	GCA_000327125.3_00982	409.0
GCA_000327145	GCA_000327145.3_01241	409.0
GCA_000327165	GCA_000327165.3_00983	409.0
GCA_000327185	GCA_000327185.3_00971	409.0
GCA_000327205	GCA_000327205.3_01912	409.0
GCA_000327225	GCA_000327225.3_01448	409.0
GCA_000327245	GCA_000327245.3_01866	409.0
GCA_000330905	GCA_000330905.1_00606	409.0
GCA_000338075	GCA_000338075.1_02622	409.0
GCA_000338215	GCA_000338215.2_03122	409.0
GCA_000338875	GCA_000338875.1_03706	394.0
GCA_000348045	GCA_000348045.2_02922	409.0
GCA_000348065	GCA_000348065.2_00866	398.0
GCA_000348085	GCA_000348085.2_01476	409.0
GCA_000348105	GCA_000348105.2_01102	409.0
GCA_000348125	GCA_000348125.2_02895	409.0
GCA_000348145	GCA_000348145.2_01431	409.0
GCA_000348165	GCA_000348165.2_02986	409.0
GCA_000348185	GCA_000348185.2_01485	409.0
GCA_000348205	GCA_000348205.2_03131	409.0
GCA_000348225	GCA_000348225.2_03187	409.0
GCA_000348245	GCA_000348245.2_01564	409.0
GCA_000348265	GCA_000348265.2_01641	409.0
GCA_000348285	GCA_000348285.2_03169	409.0
GCA_000348305	GCA_000348305.2_01659	409.0
GCA_000348325	GCA_000348325.2_01634	409.0
GCA_000348345	GCA_000348345.2_00573	409.0
GCA_000348365	GCA_000348365.1_03315	409.0
GCA_000348385	GCA_000348385.2_01538	409.0
GCA_000348405	GCA_000348405.2_01565	409.0
GCA_000348425	GCA_000348425.2_00797	409.0
GCA_000348445	GCA_000348445.2_01524	409.0
GCA_000348465	GCA_000348465.2_01573	409.0
GCA_000348485	GCA_000348485.2_00971	409.0
GCA_000348505	GCA_000348505.2_01172	409.0
GCA_000387585	GCA_000387585.1_02298	409.0
GCA_000387605	GCA_000387605.1_03143	409.0
GCA_000387625	GCA_000387625.1_01916	409.0
GCA_000387645	GCA_000387645.1_00925	409.0
GCA_000387665	GCA_000387665.1_02248	409.0
GCA_000387685	GCA_000387685.1_03028	409.0
GCA_000387705	GCA_000387705.1_03191	409.0
GCA_000387725	GCA_000387725.1_02340	409.0
GCA_000438805	GCA_000438805.2_02891	409.0
GCA_000461895	GCA_000461895.1_03263	405.0
GCA_000473785	GCA_000473785.1_00870	394.0
GCA_000473825	GCA_000473825.1_00862	394.0
GCA_000474965	GCA_000474965.1_01102	409.0
GCA_000487955	GCA_000487955.1_02631	409.0
GCA_000500675	GCA_000500675.1_00661	409.0
GCA_000500695	GCA_000500695.1_00795	409.0
GCA_000500715	GCA_000500715.1_02902	409.0
GCA_000500735	GCA_000500735.1_00681	409.0
GCA_000518145	GCA_000518145.1_02809	409.0
GCA_000569115	GCA_000569115.2_01663	409.0
GCA_000600255	GCA_000600255.1_02626	409.0
GCA_000621645	GCA_000621645.1_01428	409.0
GCA_000705295	GCA_000705295.1_00466	409.0
GCA_000709105	GCA_000709105.1_01946	409.0
GCA_000710155	GCA_000710155.1_00899	409.0
GCA_000710445	GCA_000710445.1_02098	409.0
GCA_000710455	GCA_000710455.1_02526	409.0
GCA_000735705	GCA_000735705.2_02947	282.0
GCA_000736765	GCA_000736765.1_02449	409.0
GCA_000736775	GCA_000736775.1_02996	398.0
GCA_000736785	GCA_000736785.1_01717	395.0
GCA_000736795	GCA_000736795.1_01649	398.0
GCA_000736845	GCA_000736845.1_01320	409.0
GCA_000736855	GCA_000736855.1_01304	398.0
GCA_000736865	GCA_000736865.1_03351	409.0
GCA_000736875	GCA_000736875.1_03281	294.0
GCA_000736925	GCA_000736925.1_01068	409.0
GCA_000736935	GCA_000736935.1_02681	409.0
GCA_000736945	GCA_000736945.1_02553	409.0
GCA_000736955	GCA_000736955.1_01963	394.0
GCA_000737005	GCA_000737005.1_01629	409.0
GCA_000737015	GCA_000737015.1_01175	294.0
GCA_000737025	GCA_000737025.1_00015	409.0
GCA_000740665	GCA_000740665.1_01629	405.0
GCA_000753725	GCA_000753725.1_03038	409.0
GCA_000754625	GCA_000754625.1_02796	409.0
GCA_000763075	GCA_000763075.1_01202	409.0
GCA_000763535	GCA_000763535.1_03405	405.0
GCA_000765415	GCA_000765415.1_00411	409.0
GCA_000772065	GCA_000772065.1_04659	405.0
GCA_000786335	GCA_000786335.1_02628	409.0
GCA_000786345	GCA_000786345.1_02789	409.0
GCA_000788415	GCA_000788415.1_01200	409.0
GCA_000788425	GCA_000788425.1_02337	409.0
GCA_000788435	GCA_000788435.1_00479	409.0
GCA_000788495	GCA_000788495.1_00803	409.0
GCA_000788515	GCA_000788515.1_02192	398.0
GCA_000788535	GCA_000788535.1_00300	409.0
GCA_000788555	GCA_000788555.1_03137	409.0
GCA_000788575	GCA_000788575.1_00683	409.0
GCA_000788595	GCA_000788595.1_00974	409.0
GCA_000788615	GCA_000788615.1_01520	409.0
GCA_000788635	GCA_000788635.1_01713	409.0
GCA_000788655	GCA_000788655.1_02698	409.0
GCA_000788675	GCA_000788675.1_03521	409.0
GCA_000788695	GCA_000788695.1_00590	409.0
GCA_000788715	GCA_000788715.2_01501	409.0
GCA_000788735	GCA_000788735.1_01830	409.0
GCA_000788755	GCA_000788755.1_02340	409.0
GCA_000788775	GCA_000788775.1_02192	398.0
GCA_000788795	GCA_000788795.1_01629	409.0
GCA_000788815	GCA_000788815.1_01627	409.0
GCA_000788835	GCA_000788835.1_02201	409.0
GCA_000788855	GCA_000788855.1_02764	409.0
GCA_000788875	GCA_000788875.1_00360	409.0
GCA_000788895	GCA_000788895.1_01489	409.0
GCA_000788915	GCA_000788915.1_02989	409.0
GCA_000788935	GCA_000788935.1_02175	409.0
GCA_000788955	GCA_000788955.1_02089	409.0
GCA_000788975	GCA_000788975.1_01218	409.0
GCA_000788995	GCA_000788995.1_00640	409.0
GCA_000789015	GCA_000789015.1_00018	409.0
GCA_000789035	GCA_000789035.1_00548	409.0
GCA_000789055	GCA_000789055.1_03011	409.0
GCA_000789075	GCA_000789075.1_01390	409.0
GCA_000789095	GCA_000789095.1_03148	409.0
GCA_000789115	GCA_000789115.1_03078	409.0
GCA_000789135	GCA_000789135.1_00861	409.0
GCA_000789155	GCA_000789155.1_01483	409.0
GCA_000798995	GCA_000798995.1_01536	411.0
GCA_000812045	GCA_000812045.1_03583	409.0
GCA_000818865	GCA_000818865.1_00891	409.0
GCA_000829215	GCA_000829215.1_00774	409.0
GCA_000939665	GCA_000939665.1_02683	409.0
GCA_000946735	GCA_000946735.1_03342	409.0
GCA_000953755	GCA_000953755.1_02534	409.0
GCA_000953775	GCA_000953775.1_02623	409.0
GCA_000953785	GCA_000953785.1_00156	409.0
GCA_000960915	GCA_000960915.1_02933	409.0
GCA_000961975	GCA_000961975.1_02082	409.0
GCA_000963555	GCA_000963555.1_01008	409.0
GCA_000965285	GCA_000965285.1_02657	409.0
GCA_000966375	GCA_000966375.1_02606	409.0
GCA_000966385	GCA_000966385.1_02945	409.0
GCA_000967465	GCA_000967465.2_04551	405.0
GCA_000967485	GCA_000967485.1_02448	405.0
GCA_000967495	GCA_000967495.1_03836	405.0
GCA_000967785	GCA_000967785.2_02356	409.0
GCA_000969235	GCA_000969235.1_02809	398.0
GCA_000969265	GCA_000969265.1_01622	409.0
GCA_001027485	GCA_001027485.1_00490	409.0
GCA_001027495	GCA_001027495.1_01263	409.0
GCA_001027505	GCA_001027505.1_01102	409.0
GCA_001029975	GCA_001029975.1_01174	409.0
GCA_001030015	GCA_001030015.1_00056	409.0
GCA_001030035	GCA_001030035.1_01147	409.0
GCA_001045415	GCA_001045415.1_00907	409.0
GCA_001184775	GCA_001184775.1_00056	409.0
GCA_001186485	GCA_001186485.1_01583	409.0
GCA_001186495	GCA_001186495.1_01778	409.0
GCA_001186505	GCA_001186505.1_00161	409.0
GCA_001186515	GCA_001186515.1_02149	409.0
GCA_001186565	GCA_001186565.1_03559	409.0
GCA_001186575	GCA_001186575.1_00730	409.0
GCA_001186585	GCA_001186585.1_00017	409.0
GCA_001186595	GCA_001186595.1_02640	409.0
GCA_001186645	GCA_001186645.1_02719	409.0
GCA_001186655	GCA_001186655.1_00571	409.0
GCA_001186665	GCA_001186665.1_01129	409.0
GCA_001186675	GCA_001186675.1_00212	409.0
GCA_001186725	GCA_001186725.1_01616	409.0
GCA_001186735	GCA_001186735.1_01553	409.0
GCA_001186755	GCA_001186755.1_00863	409.0
GCA_001186785	GCA_001186785.1_00202	409.0
GCA_001186805	GCA_001186805.1_00678	409.0
GCA_001186825	GCA_001186825.1_00562	409.0
GCA_001186835	GCA_001186835.1_01148	409.0
GCA_001186855	GCA_001186855.1_00721	409.0
GCA_001186885	GCA_001186885.1_02923	409.0
GCA_001186905	GCA_001186905.1_02606	409.0
GCA_001186915	GCA_001186915.1_01429	409.0
GCA_001186925	GCA_001186925.1_00098	409.0
GCA_001186965	GCA_001186965.1_02779	409.0
GCA_001186985	GCA_001186985.1_02181	409.0
GCA_001186995	GCA_001186995.1_01915	409.0
GCA_001187015	GCA_001187015.1_01441	409.0
GCA_001187025	GCA_001187025.1_01004	409.0
GCA_001187065	GCA_001187065.1_02200	409.0
GCA_001187085	GCA_001187085.1_00083	409.0
GCA_001187095	GCA_001187095.1_02594	409.0
GCA_001187105	GCA_001187105.1_01862	409.0
GCA_001187145	GCA_001187145.1_01610	409.0
GCA_001187165	GCA_001187165.1_00992	409.0
GCA_001187175	GCA_001187175.1_03030	409.0
GCA_001187185	GCA_001187185.1_01188	409.0
GCA_001187225	GCA_001187225.1_02804	409.0
GCA_001187245	GCA_001187245.1_02328	409.0
GCA_001187255	GCA_001187255.1_03644	409.0
GCA_001187265	GCA_001187265.1_00726	409.0
GCA_001247525	GCA_001247525.1_01470	409.0
GCA_001247835	GCA_001247835.1_00731	409.0
GCA_001247885	GCA_001247885.1_00710	409.0
GCA_001248195	GCA_001248195.1_03237	409.0
GCA_001248465	GCA_001248465.1_03043	409.0
GCA_001248505	GCA_001248505.1_00055	409.0
GCA_001248905	GCA_001248905.1_01821	409.0
GCA_001249085	GCA_001249085.1_00488	409.0
GCA_001249715	GCA_001249715.1_00624	409.0
GCA_001249995	GCA_001249995.1_01220	409.0
GCA_001250035	GCA_001250035.1_00453	409.0
GCA_001250235	GCA_001250235.2_00923	409.0
GCA_001250435	GCA_001250435.1_03436	241.0
GCA_001250455	GCA_001250455.1_00724	409.0
GCA_001250615	GCA_001250615.1_03070	409.0
GCA_001250795	GCA_001250795.1_00017	409.0
GCA_001250935	GCA_001250935.1_00544	409.0
GCA_001251435	GCA_001251435.1_00056	409.0
GCA_001251495	GCA_001251495.1_02450	409.0
GCA_001251935	GCA_001251935.1_00052	409.0
GCA_001251975	GCA_001251975.1_03295	277.0
GCA_001252055	GCA_001252055.1_00055	409.0
GCA_001252075	GCA_001252075.1_00917	409.0
GCA_001252495	GCA_001252495.1_00017	409.0
GCA_001252675	GCA_001252675.1_00688	409.0
GCA_001252775	GCA_001252775.1_02856	409.0
GCA_001252895	GCA_001252895.1_00710	409.0
GCA_001253035	GCA_001253035.1_00055	409.0
GCA_001253055	GCA_001253055.1_02983	409.0
GCA_001253235	GCA_001253235.1_01347	409.0
GCA_001253295	GCA_001253295.1_00037	409.0
GCA_001253575	GCA_001253575.1_01627	409.0
GCA_001253695	GCA_001253695.1_01530	409.0
GCA_001254055	GCA_001254055.1_00730	409.0
GCA_001254095	GCA_001254095.1_01779	409.0
GCA_001254335	GCA_001254335.1_00055	409.0
GCA_001254355	GCA_001254355.1_01277	409.0
GCA_001254435	GCA_001254435.1_00055	409.0
GCA_001254535	GCA_001254535.1_01112	409.0
GCA_001254635	GCA_001254635.1_00666	409.0
GCA_001254655	GCA_001254655.1_00017	409.0
GCA_001254675	GCA_001254675.1_01284	409.0
GCA_001254895	GCA_001254895.1_00958	409.0
GCA_001255155	GCA_001255155.1_00055	409.0
GCA_001255575	GCA_001255575.1_00055	409.0
GCA_001255835	GCA_001255835.1_01098	409.0
GCA_001255915	GCA_001255915.1_00390	409.0
GCA_001256355	GCA_001256355.1_00620	409.0
GCA_001257035	GCA_001257035.1_03446	283.0
GCA_001257075	GCA_001257075.1_00017	409.0
GCA_001257215	GCA_001257215.1_00482	409.0
GCA_001257255	GCA_001257255.1_00440	409.0
GCA_001257835	GCA_001257835.1_00566	409.0
GCA_001257895	GCA_001257895.1_00055	409.0
GCA_001257975	GCA_001257975.1_00676	409.0
GCA_001258495	GCA_001258495.1_03543	347.0
GCA_001258555	GCA_001258555.1_03091	409.0
GCA_001258995	GCA_001258995.1_00450	409.0
GCA_001259055	GCA_001259055.1_00731	409.0
GCA_001259235	GCA_001259235.1_00055	409.0
GCA_001259315	GCA_001259315.1_02695	409.0
GCA_001259475	GCA_001259475.1_00055	409.0
GCA_001259495	GCA_001259495.1_00996	409.0
GCA_001259555	GCA_001259555.1_01216	409.0
GCA_001259635	GCA_001259635.1_01465	409.0
GCA_001259715	GCA_001259715.1_00055	409.0
GCA_001259995	GCA_001259995.1_02600	409.0
GCA_001260175	GCA_001260175.1_00613	409.0
GCA_001260295	GCA_001260295.1_00731	409.0
GCA_001260335	GCA_001260335.1_00055	409.0
GCA_001260915	GCA_001260915.1_02078	409.0
GCA_001260995	GCA_001260995.1_01057	409.0
GCA_001261075	GCA_001261075.1_00017	409.0
GCA_001261535	GCA_001261535.1_00055	409.0
GCA_001261555	GCA_001261555.1_00450	409.0
GCA_001267945	GCA_001267945.1_02208	384.0
GCA_001281585	GCA_001281585.1_00109	409.0
GCA_001281595	GCA_001281595.1_00981	409.0
GCA_001281615	GCA_001281615.1_03101	409.0
GCA_001281665	GCA_001281665.1_03718	409.0
GCA_001282605	GCA_001282605.1_00274	409.0
GCA_001292745	GCA_001292745.1_03592	398.0
GCA_001292785	GCA_001292785.1_01234	398.0
GCA_001297935	GCA_001297935.1_00121	405.0
GCA_001318185	GCA_001318185.1_01881	409.0
GCA_001402155	GCA_001402155.1_03712	391.0
GCA_001402185	GCA_001402185.1_01342	409.0
GCA_001402255	GCA_001402255.1_01740	409.0
GCA_001402265	GCA_001402265.1_01737	409.0
GCA_001402275	GCA_001402275.1_02745	409.0
GCA_001402285	GCA_001402285.1_01866	409.0
GCA_001402335	GCA_001402335.1_01305	409.0
GCA_001402345	GCA_001402345.1_01876	391.0
GCA_001402365	GCA_001402365.1_00760	409.0
GCA_001402375	GCA_001402375.1_02053	409.0
GCA_001402415	GCA_001402415.1_03108	409.0
GCA_001402425	GCA_001402425.1_02719	409.0
GCA_001402435	GCA_001402435.1_01440	409.0
GCA_001402445	GCA_001402445.1_02970	409.0
GCA_001402495	GCA_001402495.1_01102	391.0
GCA_001402515	GCA_001402515.1_03103	391.0
GCA_001402535	GCA_001402535.1_02830	409.0
GCA_001402545	GCA_001402545.1_00926	409.0
GCA_001402575	GCA_001402575.1_00189	409.0
GCA_001402585	GCA_001402585.1_02054	409.0
GCA_001402595	GCA_001402595.1_02982	409.0
GCA_001402605	GCA_001402605.1_02474	409.0
GCA_001402655	GCA_001402655.1_03269	409.0
GCA_001402675	GCA_001402675.1_00017	391.0
GCA_001402685	GCA_001402685.1_01984	391.0
GCA_001402745	GCA_001402745.1_00366	83.0
GCA_001411585	GCA_001411585.1_03344	409.0
GCA_001471395	GCA_001471395.2_02159	394.0
GCA_001471455	GCA_001471455.2_03766	409.0
GCA_001471585	GCA_001471585.2_02267	409.0
GCA_001515085	GCA_001515085.1_02434	409.0
GCA_001515095	GCA_001515095.1_02303	409.0
GCA_001515105	GCA_001515105.1_02846	409.0
GCA_001515115	GCA_001515115.1_02566	398.0
GCA_001517845	GCA_001517845.1_02859	409.0
GCA_001517855	GCA_001517855.1_02568	409.0
GCA_001521835	GCA_001521835.1_02118	409.0
GCA_001525525	GCA_001525525.2_03219	409.0
GCA_001543465	GCA_001543465.1_01518	409.0
GCA_001543505	GCA_001543505.1_03275	409.0
GCA_001558475	GCA_001558475.2_02754	394.0
GCA_001597715	GCA_001597715.2_02873	409.0
GCA_001617665	GCA_001617665.1_02294	409.0
GCA_001617675	GCA_001617675.1_02339	409.0
GCA_001637545	GCA_001637545.1_02266	409.0
GCA_001637555	GCA_001637555.1_02693	297.0
GCA_001637575	GCA_001637575.1_02310	409.0
GCA_001639085	GCA_001639085.1_02462	409.0
GCA_001641685	GCA_001641685.1_02436	409.0
GCA_001641705	GCA_001641705.1_02466	409.0
GCA_001641745	GCA_001641745.1_02239	409.0
GCA_001641765	GCA_001641765.1_00723	409.0
GCA_001661905	GCA_001661905.2_03804	409.0
GCA_001683415	GCA_001683415.1_01959	409.0
GCA_001693615	GCA_001693615.1_03939	405.0
GCA_001718095	GCA_001718095.1_03009	409.0
GCA_001718105	GCA_001718105.1_03185	409.0
GCA_001729125	GCA_001729125.1_02313	409.0
GCA_001729155	GCA_001729155.1_00428	409.0
GCA_001729185	GCA_001729185.1_02424	409.0
GCA_001729195	GCA_001729195.1_02820	398.0
GCA_001735565	GCA_001735565.1_00887	409.0
GCA_001743085	GCA_001743085.1_01831	398.0
GCA_001767355	GCA_001767355.1_02087	394.0
GCA_001854425	GCA_001854425.1_01503	409.0
GCA_001857145	GCA_001857145.1_02314	409.0
GCA_001857155	GCA_001857155.1_02504	409.0
GCA_001857165	GCA_001857165.1_02576	409.0
GCA_001857175	GCA_001857175.1_02537	409.0
GCA_001857225	GCA_001857225.1_03063	398.0
GCA_001857245	GCA_001857245.1_02335	409.0
GCA_001857265	GCA_001857265.1_01800	398.0
GCA_001857285	GCA_001857285.1_02236	409.0
GCA_001857305	GCA_001857305.1_02428	398.0
GCA_001857325	GCA_001857325.1_02425	409.0
GCA_001857345	GCA_001857345.1_01987	398.0
GCA_001857355	GCA_001857355.1_02366	409.0
GCA_001857365	GCA_001857365.1_01998	398.0
GCA_001857405	GCA_001857405.1_03028	398.0
GCA_001857425	GCA_001857425.1_03107	398.0
GCA_001857435	GCA_001857435.1_02511	409.0
GCA_001857455	GCA_001857455.1_01454	409.0
GCA_001857485	GCA_001857485.1_01776	409.0
GCA_001857505	GCA_001857505.1_02280	409.0
GCA_001857515	GCA_001857515.1_01009	398.0
GCA_001857545	GCA_001857545.1_02198	409.0
GCA_001858445	GCA_001858445.1_03446	102.0
GCA_001858455	GCA_001858455.1_00697	409.0
GCA_001858465	GCA_001858465.1_02611	409.0
GCA_001860265	GCA_001860265.1_03499	409.0
GCA_001860285	GCA_001860285.1_00331	409.0
GCA_001860295	GCA_001860295.1_02348	409.0
GCA_001860315	GCA_001860315.1_03520	409.0
GCA_001860365	GCA_001860365.1_03182	409.0
GCA_001860385	GCA_001860385.1_00204	409.0
GCA_001860395	GCA_001860395.1_03311	409.0
GCA_001860425	GCA_001860425.1_01391	409.0
GCA_001860465	GCA_001860465.1_00129	409.0
GCA_001887395	GCA_001887395.1_00929	409.0
GCA_001887415	GCA_001887415.1_00934	409.0
GCA_001887435	GCA_001887435.1_00926	409.0
GCA_001887455	GCA_001887455.1_00924	409.0
GCA_001887475	GCA_001887475.1_00516	409.0
GCA_001887495	GCA_001887495.1_00818	409.0
GCA_001887515	GCA_001887515.1_00896	409.0
GCA_001887615	GCA_001887615.1_00945	409.0
GCA_001887635	GCA_001887635.1_01920	409.0
GCA_001887655	GCA_001887655.1_00956	409.0
GCA_001899465	GCA_001899465.1_02343	409.0
GCA_001989695	GCA_001989695.1_01946	112.0
GCA_001997225	GCA_001997225.1_01936	112.0
GCA_002073335	GCA_002073335.2_01374	409.0
GCA_002076155	GCA_002076155.1_02527	409.0
GCA_002076165	GCA_002076165.1_02531	409.0
GCA_002076175	GCA_002076175.1_02533	409.0
GCA_002076185	GCA_002076185.1_02522	409.0
GCA_002076235	GCA_002076235.1_01775	409.0
GCA_002076245	GCA_002076245.1_02520	409.0
GCA_002076255	GCA_002076255.1_02356	409.0
GCA_002076265	GCA_002076265.1_02482	409.0
GCA_002076315	GCA_002076315.1_01608	409.0
GCA_002076415	GCA_002076415.1_02402	409.0
GCA_002076425	GCA_002076425.1_02520	409.0
GCA_002076455	GCA_002076455.1_02519	409.0
GCA_002076465	GCA_002076465.1_02442	409.0
GCA_002076475	GCA_002076475.1_03320	409.0
GCA_002076485	GCA_002076485.1_02631	409.0
GCA_002076535	GCA_002076535.1_02275	409.0
GCA_002076545	GCA_002076545.1_01865	409.0
GCA_002076575	GCA_002076575.1_02620	409.0
GCA_002076585	GCA_002076585.1_02617	409.0
GCA_002076615	GCA_002076615.1_02518	409.0
GCA_002076635	GCA_002076635.1_02518	409.0
GCA_002076645	GCA_002076645.1_03303	409.0
GCA_002076665	GCA_002076665.1_02519	409.0
GCA_002076695	GCA_002076695.1_02631	409.0
GCA_002076705	GCA_002076705.1_02515	409.0
GCA_002076735	GCA_002076735.1_02486	409.0
GCA_002076745	GCA_002076745.1_02425	409.0
GCA_002076775	GCA_002076775.1_01182	409.0
GCA_002076785	GCA_002076785.1_02483	409.0
GCA_002078055	GCA_002078055.1_01304	409.0
GCA_002078595	GCA_002078595.1_02285	409.0
GCA_002078635	GCA_002078635.1_02522	409.0
GCA_002078695	GCA_002078695.1_02485	409.0
GCA_002078705	GCA_002078705.1_02482	409.0
GCA_002078715	GCA_002078715.1_03000	409.0
GCA_002078755	GCA_002078755.1_02481	409.0
GCA_002078795	GCA_002078795.1_02390	409.0
GCA_002078815	GCA_002078815.1_02482	409.0
GCA_002078825	GCA_002078825.1_03642	409.0
GCA_002097735	GCA_002097735.1_00304	409.0
GCA_002097745	GCA_002097745.1_00148	398.0
GCA_002097755	GCA_002097755.1_00484	398.0
GCA_002097765	GCA_002097765.1_01246	409.0
GCA_002097815	GCA_002097815.1_00956	409.0
GCA_002097825	GCA_002097825.1_01040	409.0
GCA_002097835	GCA_002097835.1_01655	409.0
GCA_002097845	GCA_002097845.1_01135	409.0
GCA_002097895	GCA_002097895.1_01083	409.0
GCA_002097905	GCA_002097905.1_00841	409.0
GCA_002097915	GCA_002097915.1_00623	409.0
GCA_002097925	GCA_002097925.1_00985	409.0
GCA_002097975	GCA_002097975.1_01336	409.0
GCA_002097985	GCA_002097985.1_02519	409.0
GCA_002097995	GCA_002097995.1_00596	409.0
GCA_002098005	GCA_002098005.1_01165	409.0
GCA_002098055	GCA_002098055.1_00685	409.0
GCA_002098065	GCA_002098065.1_00895	409.0
GCA_002098075	GCA_002098075.1_00477	409.0
GCA_002098085	GCA_002098085.1_00844	409.0
GCA_002098135	GCA_002098135.1_00979	409.0
GCA_002098145	GCA_002098145.1_02613	409.0
GCA_002098155	GCA_002098155.1_01383	409.0
GCA_002098195	GCA_002098195.1_00975	409.0
GCA_002098215	GCA_002098215.1_01452	409.0
GCA_002098225	GCA_002098225.1_01195	409.0
GCA_002098235	GCA_002098235.1_01573	409.0
GCA_002098255	GCA_002098255.1_01443	409.0
GCA_002098295	GCA_002098295.1_00469	409.0
GCA_002098305	GCA_002098305.1_02254	409.0
GCA_002098335	GCA_002098335.1_00847	409.0
GCA_002098345	GCA_002098345.1_01006	409.0
GCA_002098355	GCA_002098355.1_01498	409.0
GCA_002098365	GCA_002098365.1_01176	409.0
GCA_002098415	GCA_002098415.1_01183	409.0
GCA_002098425	GCA_002098425.1_00920	409.0
GCA_002098435	GCA_002098435.1_02725	409.0
GCA_002098445	GCA_002098445.1_02830	409.0
GCA_002098495	GCA_002098495.1_00690	409.0
GCA_002098515	GCA_002098515.1_00614	409.0
GCA_002098525	GCA_002098525.1_00862	409.0
GCA_002098535	GCA_002098535.1_01520	409.0
GCA_002098555	GCA_002098555.1_01970	409.0
GCA_002098595	GCA_002098595.1_01566	409.0
GCA_002098605	GCA_002098605.1_02515	409.0
GCA_002098625	GCA_002098625.1_01075	409.0
GCA_002098655	GCA_002098655.1_00916	409.0
GCA_002098675	GCA_002098675.1_01446	409.0
GCA_002098695	GCA_002098695.1_02725	409.0
GCA_002098705	GCA_002098705.1_01429	409.0
GCA_002098715	GCA_002098715.1_00786	409.0
GCA_002098755	GCA_002098755.1_00950	409.0
GCA_002098765	GCA_002098765.1_02273	409.0
GCA_002098795	GCA_002098795.1_02271	409.0
GCA_002098805	GCA_002098805.1_01379	409.0
GCA_002098835	GCA_002098835.1_00977	409.0
GCA_002098845	GCA_002098845.1_01672	409.0
GCA_002098875	GCA_002098875.1_01323	409.0
GCA_002098885	GCA_002098885.1_00992	409.0
GCA_002098915	GCA_002098915.1_01288	409.0
GCA_002098935	GCA_002098935.1_00972	409.0
GCA_002098955	GCA_002098955.1_02382	409.0
GCA_002098965	GCA_002098965.1_02270	409.0
GCA_002098995	GCA_002098995.1_02587	409.0
GCA_002099015	GCA_002099015.1_01357	409.0
GCA_002099035	GCA_002099035.1_00913	409.0
GCA_002099055	GCA_002099055.1_00749	409.0
GCA_002099065	GCA_002099065.1_02315	409.0
GCA_002099095	GCA_002099095.1_01418	409.0
GCA_002099115	GCA_002099115.1_01325	409.0
GCA_002099125	GCA_002099125.1_01458	409.0
GCA_002102575	GCA_002102575.1_03005	409.0
GCA_002114205	GCA_002114205.1_02695	409.0
GCA_002194155	GCA_002194155.1_00848	409.0
GCA_002194165	GCA_002194165.1_00968	409.0
GCA_002194185	GCA_002194185.1_00080	409.0
GCA_002194215	GCA_002194215.1_00395	409.0
GCA_002194235	GCA_002194235.1_00216	409.0
GCA_002194245	GCA_002194245.1_00350	409.0
GCA_002194265	GCA_002194265.1_01444	409.0
GCA_002194295	GCA_002194295.1_01756	409.0
GCA_002194305	GCA_002194305.1_03660	409.0
GCA_002194335	GCA_002194335.1_00326	409.0
GCA_002196055	GCA_002196055.1_02595	398.0
GCA_002196065	GCA_002196065.1_02722	409.0
GCA_002196095	GCA_002196095.1_01782	398.0
GCA_002196105	GCA_002196105.1_02068	409.0
GCA_002196135	GCA_002196135.1_02357	409.0
GCA_002196155	GCA_002196155.1_02841	409.0
GCA_002196165	GCA_002196165.1_02703	409.0
GCA_002196175	GCA_002196175.1_03025	409.0
GCA_002196185	GCA_002196185.1_02865	409.0
GCA_002196225	GCA_002196225.1_02393	398.0
GCA_002196255	GCA_002196255.1_02447	409.0
GCA_002196275	GCA_002196275.1_02224	409.0
GCA_002196305	GCA_002196305.1_01206	409.0
GCA_002196325	GCA_002196325.1_04480	161.0
GCA_002196335	GCA_002196335.1_01878	409.0
GCA_002196375	GCA_002196375.1_02412	398.0
GCA_002196395	GCA_002196395.1_02059	409.0
GCA_002204095	GCA_002204095.1_02364	409.0
GCA_002212025	GCA_002212025.1_00953	112.0
GCA_002216685	GCA_002216685.1_01733	395.0
GCA_002217575	GCA_002217575.1_04061	409.0
GCA_002241075	GCA_002241075.1_02607	411.0
GCA_002241285	GCA_002241285.1_01354	411.0
GCA_002241335	GCA_002241335.1_01877	319.0
GCA_002241355	GCA_002241355.1_00545	319.0
GCA_002241365	GCA_002241365.1_00683	228.0
GCA_002257545	GCA_002257545.1_00777	397.0
GCA_002283805	GCA_002283805.1_01990	391.0
GCA_002283835	GCA_002283835.1_00529	391.0
GCA_002283845	GCA_002283845.1_02764	391.0
GCA_002283855	GCA_002283855.1_02547	391.0
GCA_002283895	GCA_002283895.1_02839	391.0
GCA_002283905	GCA_002283905.1_00018	391.0
GCA_002283915	GCA_002283915.1_03622	391.0
GCA_002283955	GCA_002283955.1_03166	391.0
GCA_002283965	GCA_002283965.1_01556	391.0
GCA_002283995	GCA_002283995.1_01920	391.0
GCA_002284005	GCA_002284005.1_01859	391.0
GCA_002284025	GCA_002284025.1_03317	391.0
GCA_002284045	GCA_002284045.1_00674	391.0
GCA_002284075	GCA_002284075.1_03151	409.0
GCA_002284095	GCA_002284095.1_02102	409.0
GCA_002284115	GCA_002284115.1_02265	409.0
GCA_002284125	GCA_002284125.1_01493	409.0
GCA_002284155	GCA_002284155.1_02585	409.0
GCA_002284175	GCA_002284175.1_02143	409.0
GCA_002284185	GCA_002284185.1_02718	398.0
GCA_002284205	GCA_002284205.1_00482	409.0
GCA_002284235	GCA_002284235.1_03388	398.0
GCA_002284245	GCA_002284245.1_01831	409.0
GCA_002284255	GCA_002284255.1_00302	409.0
GCA_002284265	GCA_002284265.1_01175	409.0
GCA_002284315	GCA_002284315.1_00417	409.0
GCA_002284325	GCA_002284325.1_02545	409.0
GCA_002284355	GCA_002284355.1_02655	409.0
GCA_002284365	GCA_002284365.1_02897	409.0
GCA_002284395	GCA_002284395.1_02925	395.0
GCA_002284415	GCA_002284415.1_01472	409.0
GCA_002284425	GCA_002284425.1_01987	409.0
GCA_002284455	GCA_002284455.1_01206	398.0
GCA_002284475	GCA_002284475.1_01743	409.0
GCA_002284495	GCA_002284495.1_02132	398.0
GCA_002286405	GCA_002286405.1_01133	405.0
GCA_002286655	GCA_002286655.1_04654	405.0
GCA_002287625	GCA_002287625.1_02608	405.0
GCA_002313005	GCA_002313005.1_02004	409.0
GCA_002313025	GCA_002313025.1_01904	409.0
GCA_002407455	GCA_002407455.1_01735	409.0
GCA_002608565	GCA_002608565.1_00220	377.0
GCA_002742585	GCA_002742585.1_02937	405.0
GCA_002749635	GCA_002749635.1_00918	409.0
GCA_002807705	GCA_002807705.1_00948	409.0
GCA_002807725	GCA_002807725.1_02089	409.0
GCA_002807735	GCA_002807735.1_02517	409.0
GCA_002807765	GCA_002807765.1_02399	409.0
GCA_002807785	GCA_002807785.1_02484	409.0
GCA_002807805	GCA_002807805.1_02504	409.0
GCA_002807825	GCA_002807825.1_02406	409.0
GCA_002807835	GCA_002807835.1_02286	409.0
GCA_002807865	GCA_002807865.1_02511	409.0
GCA_002807875	GCA_002807875.1_02054	409.0
GCA_002807895	GCA_002807895.1_02496	409.0
GCA_002807925	GCA_002807925.1_02375	409.0
GCA_002807945	GCA_002807945.1_01948	409.0
GCA_002807965	GCA_002807965.1_02388	409.0
GCA_002807975	GCA_002807975.1_02470	409.0
GCA_002807985	GCA_002807985.1_02398	409.0
GCA_002808065	GCA_002808065.1_02387	409.0
GCA_002808075	GCA_002808075.1_02456	409.0
GCA_002808105	GCA_002808105.1_02391	409.0
GCA_002808125	GCA_002808125.1_02420	409.0
GCA_002808145	GCA_002808145.1_02409	409.0
GCA_002808155	GCA_002808155.1_02544	409.0
GCA_002808165	GCA_002808165.1_02213	409.0
GCA_002808205	GCA_002808205.1_02491	409.0
GCA_002808215	GCA_002808215.1_02488	409.0
GCA_002808225	GCA_002808225.1_02382	409.0
GCA_002808265	GCA_002808265.1_02466	409.0
GCA_002808275	GCA_002808275.1_02386	409.0
GCA_002808305	GCA_002808305.1_02532	409.0
GCA_002808325	GCA_002808325.1_01351	409.0
GCA_002808345	GCA_002808345.1_02385	409.0
GCA_002808355	GCA_002808355.1_01809	409.0
GCA_002808365	GCA_002808365.1_01859	409.0
GCA_002808405	GCA_002808405.1_02189	409.0
GCA_002808415	GCA_002808415.1_02472	409.0
GCA_002808435	GCA_002808435.1_02171	409.0
GCA_002808465	GCA_002808465.1_01335	409.0
GCA_002808485	GCA_002808485.1_02372	409.0
GCA_002813795	GCA_002813795.1_01914	112.0
GCA_002813815	GCA_002813815.1_01914	112.0
GCA_002813835	GCA_002813835.1_01913	112.0
GCA_002813855	GCA_002813855.1_01915	112.0
GCA_002890525	GCA_002890525.1_00253	409.0
GCA_002892855	GCA_002892855.1_00677	409.0
GCA_002899735	GCA_002899735.1_00967	398.0
GCA_002911455	GCA_002911455.1_01170	409.0
GCA_002918335	GCA_002918335.1_01684	409.0
GCA_002918345	GCA_002918345.1_01785	409.0
GCA_002946655	GCA_002946655.1_00399	409.0
GCA_002995435	GCA_002995435.1_03118	411.0
GCA_002997215	GCA_002997215.1_00677	409.0
GCA_003013485	GCA_003013485.1_00676	409.0
GCA_003015005	GCA_003015005.1_00018	409.0
GCA_003056705	GCA_003056705.1_02309	409.0
GCA_003056955	GCA_003056955.1_03056	409.0
GCA_003056975	GCA_003056975.1_02827	409.0
GCA_003056995	GCA_003056995.1_02865	340.0
GCA_003057015	GCA_003057015.1_02892	398.0
GCA_003057035	GCA_003057035.1_02546	398.0
GCA_003057055	GCA_003057055.1_02467	409.0
GCA_003057075	GCA_003057075.1_02251	409.0
GCA_003057085	GCA_003057085.1_02516	409.0
GCA_003057115	GCA_003057115.1_02612	398.0
GCA_003057775	GCA_003057775.1_00835	398.0
GCA_003063785	GCA_003063785.1_01884	409.0
GCA_003063885	GCA_003063885.1_01904	409.0
GCA_003096115	GCA_003096115.1_02496	409.0
GCA_003096135	GCA_003096135.1_02677	409.0
GCA_003097695	GCA_003097695.1_00677	409.0
GCA_003130465	GCA_003130465.1_03268	409.0
GCA_003130475	GCA_003130475.1_00042	409.0
GCA_003130485	GCA_003130485.1_02774	409.0
GCA_003130495	GCA_003130495.1_01257	409.0
GCA_003205555	GCA_003205555.1_02626	409.0
GCA_003205565	GCA_003205565.1_02606	409.0
GCA_003205635	GCA_003205635.1_02621	409.0
GCA_003205655	GCA_003205655.1_02602	409.0
GCA_003205675	GCA_003205675.1_02620	409.0
GCA_003205685	GCA_003205685.1_02529	409.0
GCA_003205705	GCA_003205705.1_02268	409.0
GCA_003205735	GCA_003205735.1_02613	409.0
GCA_003205755	GCA_003205755.1_02585	409.0
GCA_003205765	GCA_003205765.1_02603	409.0
GCA_003260135	GCA_003260135.1_01658	409.0
GCA_003311755	GCA_003311755.1_01140	202.0
GCA_003311805	GCA_003311805.1_00722	395.0
GCA_003311815	GCA_003311815.1_00312	395.0
GCA_003311825	GCA_003311825.1_01819	395.0
GCA_003311865	GCA_003311865.1_03550	395.0
GCA_003311885	GCA_003311885.1_01031	395.0
GCA_003311895	GCA_003311895.1_01260	395.0
GCA_003311905	GCA_003311905.1_03097	409.0
GCA_003311945	GCA_003311945.1_03110	409.0
GCA_003311965	GCA_003311965.1_02661	409.0
GCA_003311975	GCA_003311975.1_02908	398.0
GCA_003312005	GCA_003312005.1_02054	384.0
GCA_003312015	GCA_003312015.1_01892	409.0
GCA_003312035	GCA_003312035.1_01786	395.0
GCA_003312065	GCA_003312065.1_00098	409.0
GCA_003312945	GCA_003312945.1_00293	409.0
GCA_003318175	GCA_003318175.1_01735	388.0
GCA_003327445	GCA_003327445.1_00585	409.0
GCA_003347715	GCA_003347715.1_02320	409.0
GCA_003347725	GCA_003347725.1_00950	409.0
GCA_003347755	GCA_003347755.1_00998	409.0
GCA_003347775	GCA_003347775.1_00796	409.0
GCA_003347785	GCA_003347785.1_03260	409.0
GCA_003347815	GCA_003347815.1_00689	395.0
GCA_003347835	GCA_003347835.1_01468	409.0
GCA_003347855	GCA_003347855.1_01607	409.0
GCA_003347865	GCA_003347865.1_03067	409.0
GCA_003347905	GCA_003347905.1_02012	409.0
GCA_003347915	GCA_003347915.1_01996	409.0
GCA_003347935	GCA_003347935.1_02547	409.0
GCA_003347945	GCA_003347945.1_03355	409.0
GCA_003347995	GCA_003347995.1_01511	409.0
GCA_003348015	GCA_003348015.1_01569	409.0
GCA_003348035	GCA_003348035.1_01793	409.0
GCA_003348055	GCA_003348055.1_00267	398.0
GCA_003348065	GCA_003348065.1_03401	398.0
GCA_003348095	GCA_003348095.1_00692	409.0
GCA_003348115	GCA_003348115.1_02013	398.0
GCA_003348135	GCA_003348135.1_03008	409.0
GCA_003348145	GCA_003348145.1_00765	409.0
GCA_003348175	GCA_003348175.1_01303	409.0
GCA_003348195	GCA_003348195.1_01913	409.0
GCA_003348215	GCA_003348215.1_01257	395.0
GCA_003348235	GCA_003348235.1_01975	409.0
GCA_003348245	GCA_003348245.1_00968	395.0
GCA_003348265	GCA_003348265.1_02208	102.0
GCA_003348295	GCA_003348295.1_03572	409.0
GCA_003348305	GCA_003348305.1_02555	409.0
GCA_003348335	GCA_003348335.1_02405	409.0
GCA_003348355	GCA_003348355.1_01280	409.0
GCA_003348365	GCA_003348365.1_02100	409.0
GCA_003348395	GCA_003348395.1_01047	409.0
GCA_003348405	GCA_003348405.1_00311	409.0
GCA_003348415	GCA_003348415.1_02349	409.0
GCA_003348445	GCA_003348445.1_01943	409.0
GCA_003348465	GCA_003348465.1_00610	409.0
GCA_003348485	GCA_003348485.1_02296	398.0
GCA_003348515	GCA_003348515.1_02525	409.0
GCA_003348535	GCA_003348535.1_01413	409.0
GCA_003348545	GCA_003348545.1_01527	398.0
GCA_003348575	GCA_003348575.1_02372	398.0
GCA_003348585	GCA_003348585.1_02391	409.0
GCA_003348595	GCA_003348595.1_00226	409.0
GCA_003348635	GCA_003348635.1_02294	409.0
GCA_003348655	GCA_003348655.1_01790	409.0
GCA_003348665	GCA_003348665.1_01007	409.0
GCA_003348675	GCA_003348675.1_01255	409.0
GCA_003348715	GCA_003348715.1_00439	398.0
GCA_003348735	GCA_003348735.1_00016	409.0
GCA_003348745	GCA_003348745.1_01393	409.0
GCA_003348755	GCA_003348755.1_00113	409.0
GCA_003348795	GCA_003348795.1_01561	202.0
GCA_003348815	GCA_003348815.1_02075	409.0
GCA_003348825	GCA_003348825.1_01329	409.0
GCA_003348835	GCA_003348835.1_00986	409.0
GCA_003348875	GCA_003348875.1_03151	409.0
GCA_003348885	GCA_003348885.1_01866	409.0
GCA_003348905	GCA_003348905.1_02520	409.0
GCA_003348925	GCA_003348925.1_02769	409.0
GCA_003348955	GCA_003348955.1_03259	409.0
GCA_003348965	GCA_003348965.1_02217	409.0
GCA_003348985	GCA_003348985.1_00623	409.0
GCA_003348995	GCA_003348995.1_00382	409.0
GCA_003349035	GCA_003349035.1_01719	409.0
GCA_003349045	GCA_003349045.1_01420	409.0
GCA_003349055	GCA_003349055.1_00831	409.0
GCA_003349065	GCA_003349065.1_01347	409.0
GCA_003349115	GCA_003349115.1_02051	409.0
GCA_003349125	GCA_003349125.1_01142	409.0
GCA_003349145	GCA_003349145.1_03353	398.0
GCA_003349155	GCA_003349155.1_01832	409.0
GCA_003349195	GCA_003349195.1_03280	409.0
GCA_003349205	GCA_003349205.1_00869	409.0
GCA_003349245	GCA_003349245.1_03329	395.0
GCA_003349265	GCA_003349265.1_01446	409.0
GCA_003349275	GCA_003349275.1_00392	398.0
GCA_003349315	GCA_003349315.1_01696	409.0
GCA_003349325	GCA_003349325.1_02237	395.0
GCA_003349335	GCA_003349335.1_02895	409.0
GCA_003349365	GCA_003349365.1_00237	409.0
GCA_003349395	GCA_003349395.1_01647	395.0
GCA_003349405	GCA_003349405.1_01979	409.0
GCA_003349435	GCA_003349435.1_03443	409.0
GCA_003349445	GCA_003349445.1_02927	395.0
GCA_003349475	GCA_003349475.1_01758	409.0
GCA_003349495	GCA_003349495.1_02489	409.0
GCA_003349525	GCA_003349525.1_01857	409.0
GCA_003349545	GCA_003349545.1_03487	409.0
GCA_003349575	GCA_003349575.1_01899	409.0
GCA_003349585	GCA_003349585.1_00751	409.0
GCA_003349615	GCA_003349615.1_02483	409.0
GCA_003349625	GCA_003349625.1_00303	409.0
GCA_003349645	GCA_003349645.1_02168	409.0
GCA_003349665	GCA_003349665.1_03369	395.0
GCA_003349685	GCA_003349685.1_02986	409.0
GCA_003349715	GCA_003349715.1_02075	395.0
GCA_003349725	GCA_003349725.1_02646	395.0
GCA_003349745	GCA_003349745.1_02727	409.0
GCA_003349755	GCA_003349755.1_01725	409.0
GCA_003390515	GCA_003390515.1_01934	112.0
GCA_003390535	GCA_003390535.1_01889	112.0
GCA_003390555	GCA_003390555.1_01897	112.0
GCA_003390575	GCA_003390575.1_01890	112.0
GCA_003390595	GCA_003390595.1_01898	112.0
GCA_003390615	GCA_003390615.1_01865	112.0
GCA_003390635	GCA_003390635.1_01865	112.0
GCA_003390655	GCA_003390655.1_01862	112.0
GCA_003390675	GCA_003390675.1_01873	112.0
GCA_003390695	GCA_003390695.1_01870	112.0
GCA_003390715	GCA_003390715.1_01870	112.0
GCA_003391375	GCA_003391375.1_04002	405.0
GCA_003449075	GCA_003449075.1_03343	409.0
GCA_003449125	GCA_003449125.1_03465	409.0
GCA_003574155	GCA_003574155.1_02871	409.0
GCA_003574775	GCA_003574775.1_00237	398.0
GCA_003585335	GCA_003585335.1_00931	398.0
GCA_003585365	GCA_003585365.1_01114	409.0
GCA_003585385	GCA_003585385.1_02930	409.0
GCA_003585405	GCA_003585405.1_03377	409.0
GCA_003585465	GCA_003585465.1_02932	409.0
GCA_003585485	GCA_003585485.1_00945	409.0
GCA_003585505	GCA_003585505.1_02988	409.0
GCA_003585535	GCA_003585535.1_03331	409.0
GCA_003585545	GCA_003585545.1_00599	409.0
GCA_003591575	GCA_003591575.1_01911	409.0
GCA_003594505	GCA_003594505.1_02854	398.0
GCA_003594535	GCA_003594535.1_01089	398.0
GCA_003594565	GCA_003594565.1_03091	398.0
GCA_003595565	GCA_003595565.2_00018	112.0
GCA_003595585	GCA_003595585.1_01034	411.0
GCA_003716405	GCA_003716405.1_00141	409.0
GCA_003716425	GCA_003716425.1_01126	409.0
GCA_003716435	GCA_003716435.1_00872	398.0
GCA_003716465	GCA_003716465.1_02185	409.0
GCA_003716505	GCA_003716505.1_00092	409.0
GCA_003716515	GCA_003716515.1_00742	409.0
GCA_003719755	GCA_003719755.1_01899	409.0
GCA_004117115	GCA_004117115.1_00850	398.0
GCA_004120565	GCA_004120565.1_00186	409.0
GCA_004120685	GCA_004120685.1_03614	409.0
GCA_004121685	GCA_004121685.1_00326	409.0
GCA_004121695	GCA_004121695.1_01832	409.0
GCA_004121735	GCA_004121735.1_00136	409.0
GCA_004121775	GCA_004121775.1_00264	409.0
GCA_004121795	GCA_004121795.1_03586	409.0
GCA_004121805	GCA_004121805.1_03543	409.0
GCA_004121815	GCA_004121815.1_01158	409.0
GCA_004121835	GCA_004121835.1_00226	409.0
GCA_004121875	GCA_004121875.1_00178	409.0
GCA_004121895	GCA_004121895.1_03569	409.0
GCA_004121905	GCA_004121905.1_00283	409.0
GCA_004121915	GCA_004121915.1_01949	409.0
GCA_004121945	GCA_004121945.1_03190	409.0
GCA_004121965	GCA_004121965.1_00219	409.0
GCA_004121995	GCA_004121995.1_01361	409.0
GCA_004122005	GCA_004122005.1_00767	409.0
GCA_004122015	GCA_004122015.1_00195	409.0
GCA_004122025	GCA_004122025.1_01581	409.0
GCA_004123205	GCA_004123205.1_00292	409.0
GCA_004123215	GCA_004123215.1_00223	409.0
GCA_004123225	GCA_004123225.1_00070	409.0
GCA_004309765	GCA_004309765.1_01077	409.0
GCA_004309965	GCA_004309965.1_00489	409.0
GCA_004310025	GCA_004310025.1_02835	398.0
GCA_004310265	GCA_004310265.1_02266	409.0
GCA_004328575	GCA_004328575.1_02652	398.0
GCA_004358215	GCA_004358215.1_02564	409.0
GCA_004358225	GCA_004358225.1_02036	409.0
GCA_004358245	GCA_004358245.1_02046	409.0
GCA_004358285	GCA_004358285.1_02816	409.0
GCA_004358295	GCA_004358295.1_00842	398.0
GCA_004801035	GCA_004801035.1_02607	409.0
GCA_004801055	GCA_004801055.1_02880	409.0
GCA_004801065	GCA_004801065.1_02412	409.0
GCA_005146325	GCA_005146325.1_00878	388.0
GCA_005636015	GCA_005636015.1_03121	409.0
GCA_005636045	GCA_005636045.1_03554	409.0
GCA_005636065	GCA_005636065.1_02574	409.0
GCA_005636075	GCA_005636075.1_02888	409.0
GCA_005636115	GCA_005636115.1_03529	409.0
GCA_005636125	GCA_005636125.1_01667	409.0
GCA_005636155	GCA_005636155.1_00713	409.0
GCA_005636165	GCA_005636165.1_03540	409.0
GCA_005636175	GCA_005636175.1_03146	409.0
GCA_006802045	GCA_006802045.1_03442	409.0
GCA_006802075	GCA_006802075.1_01854	409.0
GCA_006802145	GCA_006802145.1_02960	409.0
GCA_006802155	GCA_006802155.1_00993	409.0
GCA_006802165	GCA_006802165.1_00375	409.0
GCA_006802195	GCA_006802195.1_01672	409.0
GCA_006802205	GCA_006802205.1_01695	409.0
GCA_006802245	GCA_006802245.1_03177	409.0
GCA_006802255	GCA_006802255.1_01304	409.0
GCA_006802275	GCA_006802275.1_01145	409.0
GCA_006802285	GCA_006802285.1_00140	409.0
GCA_006802295	GCA_006802295.1_01633	409.0
GCA_006802345	GCA_006802345.1_01110	409.0
GCA_006802395	GCA_006802395.1_01028	102.0
GCA_006802475	GCA_006802475.1_01254	409.0
GCA_006802485	GCA_006802485.1_01942	409.0
GCA_006802495	GCA_006802495.1_01884	409.0
GCA_006802545	GCA_006802545.1_02852	409.0
GCA_006802555	GCA_006802555.1_03168	409.0
GCA_006802595	GCA_006802595.1_00776	409.0
GCA_006802605	GCA_006802605.1_00138	409.0
GCA_006802635	GCA_006802635.1_03287	409.0
GCA_006802655	GCA_006802655.1_00176	409.0
GCA_006802685	GCA_006802685.1_03568	409.0
GCA_006802695	GCA_006802695.1_01118	409.0
GCA_006802705	GCA_006802705.1_01142	409.0
GCA_006802735	GCA_006802735.1_02305	409.0
GCA_006802795	GCA_006802795.1_02770	409.0
GCA_006802805	GCA_006802805.1_00098	409.0
GCA_006802815	GCA_006802815.1_03492	409.0
GCA_006802865	GCA_006802865.1_01334	409.0
GCA_006802905	GCA_006802905.1_00462	409.0
GCA_006802915	GCA_006802915.1_00990	409.0
GCA_006802925	GCA_006802925.1_01405	409.0
GCA_006802945	GCA_006802945.1_00400	409.0
GCA_006803035	GCA_006803035.1_02946	384.0
GCA_006803045	GCA_006803045.1_00772	409.0
GCA_006803105	GCA_006803105.1_03443	409.0
GCA_006803125	GCA_006803125.1_03657	409.0
GCA_006803135	GCA_006803135.1_01705	409.0
GCA_006803155	GCA_006803155.1_01283	409.0
GCA_007050355	GCA_007050355.1_02618	409.0
GCA_007050395	GCA_007050395.1_02959	409.0
GCA_007623775	GCA_007623775.1_02993	409.0
GCA_007623785	GCA_007623785.1_00784	409.0
GCA_007623805	GCA_007623805.1_03107	409.0
GCA_007623875	GCA_007623875.1_01567	409.0
GCA_007623885	GCA_007623885.1_02966	409.0
GCA_007623905	GCA_007623905.1_03068	409.0
GCA_007623925	GCA_007623925.1_03042	409.0
GCA_007623935	GCA_007623935.1_01975	398.0
GCA_007623975	GCA_007623975.1_01777	409.0
GCA_007623985	GCA_007623985.1_02460	409.0
GCA_007623995	GCA_007623995.1_01078	409.0
GCA_007624005	GCA_007624005.1_03440	409.0
GCA_007624025	GCA_007624025.1_00374	409.0
GCA_007624075	GCA_007624075.1_00352	409.0
GCA_007624095	GCA_007624095.1_02409	409.0
GCA_007624105	GCA_007624105.1_01919	409.0
GCA_007624125	GCA_007624125.1_03162	409.0
GCA_007624145	GCA_007624145.1_02379	409.0
GCA_007624155	GCA_007624155.1_02659	409.0
GCA_007624195	GCA_007624195.1_02779	409.0
GCA_007624205	GCA_007624205.1_02163	409.0
GCA_007624215	GCA_007624215.1_01052	409.0
GCA_007624255	GCA_007624255.1_00476	409.0
GCA_007624265	GCA_007624265.1_01786	409.0
GCA_007624285	GCA_007624285.1_00986	409.0
GCA_007624295	GCA_007624295.1_02906	409.0
GCA_007624305	GCA_007624305.1_01059	409.0
GCA_007624355	GCA_007624355.1_02387	409.0
GCA_007624365	GCA_007624365.1_02845	409.0
GCA_007624385	GCA_007624385.1_01897	409.0
GCA_007624405	GCA_007624405.1_02488	409.0
GCA_007624415	GCA_007624415.1_01721	409.0
GCA_007624435	GCA_007624435.1_02232	398.0
GCA_007624475	GCA_007624475.1_03164	409.0
GCA_007624485	GCA_007624485.1_02395	409.0
GCA_007624515	GCA_007624515.1_00787	409.0
GCA_007624535	GCA_007624535.1_02324	409.0
GCA_007624555	GCA_007624555.1_02902	409.0
GCA_007624565	GCA_007624565.1_02094	409.0
GCA_007624575	GCA_007624575.1_02946	409.0
GCA_007624615	GCA_007624615.1_01071	409.0
GCA_007624625	GCA_007624625.1_02449	409.0
GCA_007624635	GCA_007624635.1_01440	409.0
GCA_007624655	GCA_007624655.1_00385	409.0
GCA_007624675	GCA_007624675.1_03024	409.0
GCA_007624715	GCA_007624715.1_02905	409.0
GCA_007624735	GCA_007624735.1_02168	409.0
GCA_007624755	GCA_007624755.1_00222	409.0
GCA_007624765	GCA_007624765.1_01723	409.0
GCA_007624775	GCA_007624775.1_02903	409.0
GCA_007624785	GCA_007624785.1_00436	409.0
GCA_007624835	GCA_007624835.1_02896	409.0
GCA_007624845	GCA_007624845.1_03793	409.0
GCA_007624875	GCA_007624875.1_00581	409.0
GCA_007624895	GCA_007624895.1_00545	409.0
GCA_007624905	GCA_007624905.1_00210	409.0
GCA_007624925	GCA_007624925.1_00715	409.0
GCA_007624935	GCA_007624935.1_02474	409.0
GCA_007624975	GCA_007624975.1_00638	409.0
GCA_007624995	GCA_007624995.1_02196	409.0
GCA_008083225	GCA_008083225.1_00570	398.0
GCA_008083245	GCA_008083245.1_02604	398.0
GCA_008083255	GCA_008083255.1_00757	409.0
GCA_008083315	GCA_008083315.1_03340	398.0
GCA_008083325	GCA_008083325.1_01390	398.0
GCA_008083335	GCA_008083335.1_01851	398.0
GCA_008083355	GCA_008083355.1_00919	409.0
GCA_008083365	GCA_008083365.1_01641	409.0
GCA_008083415	GCA_008083415.1_01539	409.0
GCA_008083425	GCA_008083425.1_01767	409.0
GCA_008083445	GCA_008083445.1_01201	409.0
GCA_008083455	GCA_008083455.1_00339	398.0
GCA_008083465	GCA_008083465.1_00156	394.0
GCA_008083515	GCA_008083515.1_01850	398.0
GCA_008083535	GCA_008083535.1_00314	394.0
GCA_008083545	GCA_008083545.1_01662	398.0
GCA_008083575	GCA_008083575.1_01526	409.0
GCA_008083585	GCA_008083585.1_02575	398.0
GCA_008083615	GCA_008083615.1_00242	409.0
GCA_008083635	GCA_008083635.1_01683	409.0
GCA_008083645	GCA_008083645.1_00627	398.0
GCA_008083665	GCA_008083665.1_00340	398.0
GCA_008083685	GCA_008083685.1_01813	398.0
GCA_008083715	GCA_008083715.1_01556	409.0
GCA_008083735	GCA_008083735.1_01802	409.0
GCA_008083745	GCA_008083745.1_00469	394.0
GCA_008083755	GCA_008083755.1_00567	409.0
GCA_008083775	GCA_008083775.1_03180	394.0
GCA_008083785	GCA_008083785.1_00336	409.0
GCA_008083835	GCA_008083835.1_03451	409.0
GCA_008083855	GCA_008083855.1_01191	409.0
GCA_008083865	GCA_008083865.1_02457	409.0
GCA_008083875	GCA_008083875.1_02352	409.0
GCA_008083915	GCA_008083915.1_02340	398.0
GCA_008083925	GCA_008083925.1_01912	398.0
GCA_008083955	GCA_008083955.1_01795	398.0
GCA_008083965	GCA_008083965.1_03766	394.0
GCA_008083975	GCA_008083975.1_01936	409.0
GCA_008083995	GCA_008083995.1_01973	409.0
GCA_008084025	GCA_008084025.1_01964	409.0
GCA_008084055	GCA_008084055.1_02217	409.0
GCA_008084075	GCA_008084075.1_03017	409.0
GCA_008084235	GCA_008084235.1_02956	398.0
GCA_008084295	GCA_008084295.1_01673	398.0
GCA_008084305	GCA_008084305.1_02633	398.0
GCA_008084315	GCA_008084315.1_00933	409.0
GCA_008084325	GCA_008084325.1_03299	409.0
GCA_008084375	GCA_008084375.1_01027	409.0
GCA_008084395	GCA_008084395.1_02460	409.0
GCA_008084405	GCA_008084405.1_02158	394.0
GCA_008084425	GCA_008084425.1_02515	409.0
GCA_008084455	GCA_008084455.1_03113	409.0
GCA_008084465	GCA_008084465.1_02441	398.0
GCA_008084495	GCA_008084495.1_02183	409.0
GCA_008084505	GCA_008084505.1_02819	409.0
GCA_008084525	GCA_008084525.1_03061	409.0
GCA_008084545	GCA_008084545.1_00677	398.0
GCA_008084565	GCA_008084565.1_01747	398.0
GCA_008084595	GCA_008084595.1_01703	409.0
GCA_008084605	GCA_008084605.1_03211	409.0
GCA_008084635	GCA_008084635.1_02759	398.0
GCA_008084645	GCA_008084645.1_00755	409.0
GCA_008084655	GCA_008084655.1_02932	398.0
GCA_008084695	GCA_008084695.1_03317	398.0
GCA_008084705	GCA_008084705.1_01069	409.0
GCA_008084745	GCA_008084745.1_02073	396.0
GCA_008084755	GCA_008084755.1_00543	409.0
GCA_008084795	GCA_008084795.1_02440	409.0
GCA_008084815	GCA_008084815.1_00268	409.0
GCA_008084825	GCA_008084825.1_01979	409.0
GCA_008084835	GCA_008084835.1_00012	409.0
GCA_008084855	GCA_008084855.1_02830	409.0
GCA_008085465	GCA_008085465.1_02458	409.0
GCA_008085485	GCA_008085485.1_03580	398.0
GCA_008085495	GCA_008085495.1_01641	398.0
GCA_008085525	GCA_008085525.1_00635	398.0
GCA_008085535	GCA_008085535.1_01422	409.0
GCA_008085575	GCA_008085575.1_02901	409.0
GCA_008085585	GCA_008085585.1_03357	398.0
GCA_008085615	GCA_008085615.1_01644	409.0
GCA_008085625	GCA_008085625.1_02881	409.0
GCA_008085635	GCA_008085635.1_01830	409.0
GCA_008085675	GCA_008085675.1_00432	409.0
GCA_008087115	GCA_008087115.1_01418	409.0
GCA_008087125	GCA_008087125.1_01201	409.0
GCA_008087145	GCA_008087145.1_01201	409.0
GCA_008087195	GCA_008087195.1_01418	409.0
GCA_008269325	GCA_008269325.1_01621	398.0
GCA_008269335	GCA_008269335.1_01179	398.0
GCA_008269345	GCA_008269345.1_01340	398.0
GCA_008269355	GCA_008269355.1_02884	409.0
GCA_008269365	GCA_008269365.1_02618	398.0
GCA_008269455	GCA_008269455.1_01945	398.0
GCA_008269465	GCA_008269465.1_02728	409.0
GCA_008271195	GCA_008271195.1_03118	398.0
GCA_008271265	GCA_008271265.1_02379	409.0
GCA_008271325	GCA_008271325.1_02670	409.0
GCA_008369465	GCA_008369465.1_02015	409.0
GCA_008369485	GCA_008369485.1_02042	409.0
GCA_008369505	GCA_008369505.1_01417	409.0
GCA_008369525	GCA_008369525.1_02043	409.0
GCA_008369565	GCA_008369565.1_01301	409.0
GCA_008369585	GCA_008369585.1_01318	409.0
GCA_008369605	GCA_008369605.1_01831	409.0
GCA_008369625	GCA_008369625.1_00090	395.0
GCA_008369865	GCA_008369865.1_01297	409.0
GCA_008369875	GCA_008369875.1_00173	409.0
GCA_008370415	GCA_008370415.1_02219	398.0
GCA_008370425	GCA_008370425.1_02681	398.0
GCA_008370435	GCA_008370435.1_02614	398.0
GCA_008370445	GCA_008370445.1_01848	398.0
GCA_008370515	GCA_008370515.1_00516	398.0
GCA_008370525	GCA_008370525.1_02167	398.0
GCA_008370535	GCA_008370535.1_02971	409.0
GCA_008370545	GCA_008370545.1_02650	409.0
GCA_008370595	GCA_008370595.1_00928	409.0
GCA_008370875	GCA_008370875.1_02581	398.0
GCA_008632395	GCA_008632395.1_02663	409.0
GCA_009363455	GCA_009363455.1_03966	405.0
GCA_009646135	GCA_009646135.1_00445	409.0
GCA_009653605	GCA_009653605.1_03082	409.0
GCA_009653685	GCA_009653685.1_01842	409.0
GCA_009653755	GCA_009653755.1_00847	409.0
GCA_009653765	GCA_009653765.1_02188	409.0
GCA_009665195	GCA_009665195.1_00212	394.0
GCA_009665255	GCA_009665255.1_01693	395.0
GCA_009665275	GCA_009665275.1_00510	391.0
GCA_009665515	GCA_009665515.2_00465	409.0
GCA_009676865	GCA_009676865.1_04243	405.0
GCA_009707115	GCA_009707115.1_01320	409.0
GCA_009708195	GCA_009708195.1_04085	405.0
GCA_009728205	GCA_009728205.1_02442	409.0
GCA_009728225	GCA_009728225.1_02632	409.0
GCA_009728255	GCA_009728255.1_02877	409.0
GCA_009728285	GCA_009728285.1_02495	409.0
GCA_009728295	GCA_009728295.1_02144	409.0
GCA_009728325	GCA_009728325.1_02194	409.0
GCA_009728345	GCA_009728345.1_01830	409.0
GCA_009728365	GCA_009728365.1_00419	409.0
GCA_009728375	GCA_009728375.1_02050	409.0
GCA_009728405	GCA_009728405.1_01922	409.0
GCA_009728415	GCA_009728415.1_02158	398.0
GCA_009728435	GCA_009728435.1_02773	409.0
GCA_009728505	GCA_009728505.1_02315	409.0
GCA_009728525	GCA_009728525.1_01361	409.0
GCA_009729525	GCA_009729525.1_02115	409.0
GCA_009762895	GCA_009762895.1_02590	409.0
GCA_009762915	GCA_009762915.1_00092	409.0
GCA_009762945	GCA_009762945.1_01965	409.0
GCA_009762965	GCA_009762965.1_02185	409.0
GCA_009762985	GCA_009762985.1_01253	409.0
GCA_009763045	GCA_009763045.1_00366	409.0
GCA_009763065	GCA_009763065.1_00742	409.0
GCA_009763105	GCA_009763105.1_02893	409.0
GCA_009763665	GCA_009763665.1_00872	398.0
GCA_009763825	GCA_009763825.1_00620	409.0
GCA_009763865	GCA_009763865.1_00761	391.0
GCA_009763905	GCA_009763905.1_02144	391.0
GCA_009763945	GCA_009763945.1_00502	409.0
GCA_009763965	GCA_009763965.1_00168	394.0
GCA_009764025	GCA_009764025.1_00917	394.0
GCA_009764135	GCA_009764135.1_00141	409.0
GCA_009799825	GCA_009799825.1_01888	409.0
GCA_009858355	GCA_009858355.1_00645	409.0
GCA_009858365	GCA_009858365.1_00954	409.0
GCA_009858375	GCA_009858375.1_00995	409.0
GCA_009858395	GCA_009858395.1_02220	409.0
GCA_009858405	GCA_009858405.1_00956	409.0
GCA_009858425	GCA_009858425.1_00904	409.0
GCA_009858435	GCA_009858435.1_00895	409.0
GCA_009858455	GCA_009858455.1_01529	409.0
GCA_009858475	GCA_009858475.1_01394	409.0
GCA_009858505	GCA_009858505.1_00936	409.0
GCA_009858515	GCA_009858515.1_00939	409.0
GCA_009858545	GCA_009858545.1_00914	409.0
GCA_009858565	GCA_009858565.1_00991	409.0
GCA_009858595	GCA_009858595.1_00839	409.0
GCA_009858605	GCA_009858605.1_00953	409.0
GCA_009858615	GCA_009858615.1_00967	409.0
GCA_009858635	GCA_009858635.1_00842	409.0
GCA_009858655	GCA_009858655.1_00498	409.0
GCA_009858675	GCA_009858675.1_00904	409.0
GCA_009858715	GCA_009858715.1_00830	409.0
GCA_009858725	GCA_009858725.1_00938	409.0
GCA_009858735	GCA_009858735.1_00779	409.0
GCA_009858755	GCA_009858755.1_01012	409.0
GCA_009858815	GCA_009858815.1_03070	409.0
GCA_009858945	GCA_009858945.1_01347	409.0
GCA_009858955	GCA_009858955.1_01671	409.0
GCA_009858985	GCA_009858985.1_02207	409.0
GCA_009898195	GCA_009898195.1_01295	398.0
GCA_009898205	GCA_009898205.1_03429	398.0
GCA_009899525	GCA_009899525.1_00586	398.0
GCA_009899555	GCA_009899555.1_00512	340.0
GCA_009899585	GCA_009899585.1_00082	398.0
GCA_009905015	GCA_009905015.1_00652	273.0
GCA_009938115	GCA_009938115.1_00447	409.0
GCA_010686605	GCA_010686605.1_02413	409.0
GCA_011090235	GCA_011090235.1_00611	384.0
GCA_011212705	GCA_011212705.1_03718	405.0
GCA_011306175	GCA_011306175.1_01953	386.0
GCA_011750775	GCA_011750775.1_03166	409.0
GCA_011750835	GCA_011750835.1_02622	409.0
GCA_011750865	GCA_011750865.1_02997	409.0
GCA_012275105	GCA_012275105.1_00814	395.0
GCA_012395185	GCA_012395185.1_00611	384.0
GCA_012911575	GCA_012911575.1_03255	409.0
GCA_012972715	GCA_012972715.1_02046	409.0
GCA_013048725	GCA_013048725.1_02087	411.0
GCA_013048735	GCA_013048735.1_03363	411.0
GCA_013048765	GCA_013048765.1_01281	411.0
GCA_013048775	GCA_013048775.1_01424	411.0
GCA_013048805	GCA_013048805.1_01009	411.0
GCA_013085075	GCA_013085075.1_01950	409.0
GCA_013085105	GCA_013085105.1_01948	409.0
GCA_013085125	GCA_013085125.1_01882	409.0
GCA_013085145	GCA_013085145.1_01883	409.0
GCA_013085165	GCA_013085165.1_01947	409.0
GCA_013110985	GCA_013110985.1_03041	409.0
GCA_013110995	GCA_013110995.1_01722	409.0
GCA_013111005	GCA_013111005.1_02047	409.0
GCA_013111025	GCA_013111025.1_02237	409.0
GCA_013111075	GCA_013111075.1_02909	409.0
GCA_013111085	GCA_013111085.1_00612	409.0
GCA_013111095	GCA_013111095.1_01641	409.0
GCA_013111105	GCA_013111105.1_03020	409.0
GCA_013111125	GCA_013111125.1_03101	409.0
GCA_013111175	GCA_013111175.1_00018	409.0
GCA_013111195	GCA_013111195.1_02010	409.0
GCA_013111275	GCA_013111275.1_02249	409.0
GCA_013111305	GCA_013111305.1_02664	409.0
GCA_013111315	GCA_013111315.1_01972	409.0
GCA_013111355	GCA_013111355.1_01119	409.0
GCA_013111375	GCA_013111375.1_00159	409.0
GCA_013111385	GCA_013111385.1_00253	409.0
GCA_013111395	GCA_013111395.1_02697	409.0
GCA_013111435	GCA_013111435.1_02606	409.0
GCA_013111455	GCA_013111455.1_01420	409.0
GCA_013111465	GCA_013111465.1_03219	409.0
GCA_013111495	GCA_013111495.1_01187	409.0
GCA_013111535	GCA_013111535.1_02619	409.0
GCA_013111545	GCA_013111545.1_00162	409.0
GCA_013111575	GCA_013111575.1_01675	409.0
GCA_013111605	GCA_013111605.1_02289	398.0
GCA_013111635	GCA_013111635.1_02912	409.0
GCA_013111655	GCA_013111655.1_02787	398.0
GCA_013111675	GCA_013111675.1_02150	398.0
GCA_013111685	GCA_013111685.1_01104	409.0
GCA_013111695	GCA_013111695.1_00433	409.0
GCA_013111735	GCA_013111735.1_02858	409.0
GCA_013111745	GCA_013111745.1_00878	409.0
GCA_013111775	GCA_013111775.1_01983	409.0
GCA_013111795	GCA_013111795.1_00395	409.0
GCA_013111805	GCA_013111805.1_01198	191.0
GCA_013111825	GCA_013111825.1_00017	398.0
GCA_013111855	GCA_013111855.1_00488	398.0
GCA_013111885	GCA_013111885.1_00569	409.0
GCA_013111915	GCA_013111915.1_00021	409.0
GCA_013111935	GCA_013111935.1_00978	398.0
GCA_013111965	GCA_013111965.1_02573	409.0
GCA_013113805	GCA_013113805.1_02529	405.0
GCA_013113815	GCA_013113815.1_00924	405.0
GCA_013113835	GCA_013113835.1_02800	395.0
GCA_013113905	GCA_013113905.1_02888	405.0
GCA_013114055	GCA_013114055.1_02316	405.0
GCA_013114065	GCA_013114065.1_03276	405.0
GCA_013114135	GCA_013114135.1_01106	388.0
GCA_013114385	GCA_013114385.1_04580	405.0
GCA_013114665	GCA_013114665.1_03112	405.0
GCA_013114685	GCA_013114685.1_00903	405.0
GCA_013155105	GCA_013155105.1_03687	163.0
GCA_013214045	GCA_013214045.1_04242	387.0
GCA_013266555	GCA_013266555.1_03299	405.0
GCA_013266565	GCA_013266565.1_01202	405.0
GCA_013266595	GCA_013266595.1_01634	405.0
GCA_013266605	GCA_013266605.1_02829	405.0
GCA_013266655	GCA_013266655.1_02247	405.0
GCA_013266665	GCA_013266665.1_04475	405.0
GCA_013357605	GCA_013357605.1_02006	409.0
GCA_013357625	GCA_013357625.1_01948	409.0
GCA_013357645	GCA_013357645.1_01894	409.0
GCA_013357665	GCA_013357665.1_01898	409.0
GCA_013357685	GCA_013357685.1_01791	409.0
GCA_013357725	GCA_013357725.1_01873	409.0
GCA_013357745	GCA_013357745.1_01906	409.0
GCA_013357765	GCA_013357765.1_01835	409.0
GCA_013357805	GCA_013357805.1_01933	409.0
GCA_013357825	GCA_013357825.1_01905	409.0
GCA_013357845	GCA_013357845.1_01903	409.0
GCA_013357865	GCA_013357865.1_01890	409.0
GCA_013357885	GCA_013357885.1_01912	409.0
GCA_013364385	GCA_013364385.1_04453	405.0
GCA_013378485	GCA_013378485.1_02329	409.0
GCA_013378545	GCA_013378545.1_01591	409.0
GCA_013414365	GCA_013414365.1_01441	409.0
GCA_013414375	GCA_013414375.1_03321	409.0
GCA_013414385	GCA_013414385.1_01431	409.0
GCA_013414395	GCA_013414395.1_01134	409.0
GCA_013414405	GCA_013414405.1_00600	409.0
GCA_013414505	GCA_013414505.1_02785	409.0
GCA_013414615	GCA_013414615.1_02280	409.0
GCA_013462495	GCA_013462495.1_01883	409.0
GCA_014217395	GCA_014217395.1_02213	409.0
GCA_014281135	GCA_014281135.1_02990	409.0
GCA_014489005	GCA_014489005.1_02592	409.0
GCA_014489035	GCA_014489035.1_02610	409.0
GCA_014489045	GCA_014489045.1_01853	409.0
GCA_014489095	GCA_014489095.1_03110	409.0
GCA_014489135	GCA_014489135.1_02707	409.0
GCA_014489145	GCA_014489145.1_00743	409.0
GCA_014489315	GCA_014489315.1_01940	409.0
GCA_014525095	GCA_014525095.1_01790	394.0
GCA_014525175	GCA_014525175.1_02150	409.0
GCA_014634265	GCA_014634265.1_01555	409.0
GCA_014634285	GCA_014634285.1_01743	409.0
GCA_014634305	GCA_014634305.1_01555	409.0
GCA_014634325	GCA_014634325.1_01697	409.0
GCA_014634345	GCA_014634345.1_02638	409.0
GCA_014634365	GCA_014634365.1_02694	409.0
GCA_014634385	GCA_014634385.1_01278	409.0
GCA_014634405	GCA_014634405.1_01448	409.0
GCA_014634425	GCA_014634425.1_01447	409.0
GCA_014634445	GCA_014634445.1_01444	409.0
GCA_014634465	GCA_014634465.1_01132	409.0
GCA_014634485	GCA_014634485.1_01278	409.0
GCA_014634565	GCA_014634565.1_01276	409.0
GCA_014634625	GCA_014634625.1_01589	409.0
GCA_014634645	GCA_014634645.1_01137	409.0
GCA_014634665	GCA_014634665.1_01446	409.0
GCA_014634685	GCA_014634685.1_01591	409.0
GCA_014654495	GCA_014654495.1_01789	409.0
GCA_014654545	GCA_014654545.1_00038	395.0
GCA_014654565	GCA_014654565.1_01472	409.0
GCA_014654575	GCA_014654575.1_00020	409.0
GCA_014654625	GCA_014654625.1_03676	409.0
GCA_014654645	GCA_014654645.1_01639	409.0
GCA_014654695	GCA_014654695.1_01914	409.0
GCA_015168795	GCA_015168795.1_01881	398.0
GCA_015350415	GCA_015350415.1_01599	112.0
GCA_015482825	GCA_015482825.1_00640	409.0
GCA_015686715	GCA_015686715.1_02313	398.0
GCA_015686735	GCA_015686735.1_02551	398.0
GCA_015686745	GCA_015686745.1_00269	398.0
GCA_015686775	GCA_015686775.1_01546	398.0
GCA_015686785	GCA_015686785.1_02265	398.0
GCA_015686815	GCA_015686815.1_00173	398.0
GCA_015686835	GCA_015686835.1_02557	398.0
GCA_015830025	GCA_015830025.1_00402	398.0
GCA_015830035	GCA_015830035.1_01156	398.0
GCA_016103055	GCA_016103055.1_02448	409.0
GCA_016103065	GCA_016103065.1_02144	409.0
GCA_016456575	GCA_016456575.1_01413	409.0
GCA_016456615	GCA_016456615.1_01379	409.0
GCA_016456645	GCA_016456645.1_00172	409.0
GCA_016456655	GCA_016456655.1_01490	409.0
GCA_016456685	GCA_016456685.1_00973	409.0
GCA_016456695	GCA_016456695.1_01813	409.0
GCA_016456725	GCA_016456725.1_00654	398.0
GCA_016456735	GCA_016456735.1_00563	409.0
GCA_016456755	GCA_016456755.1_01824	409.0
GCA_016456785	GCA_016456785.1_01753	398.0
GCA_016456805	GCA_016456805.1_01533	409.0
GCA_016456845	GCA_016456845.1_00569	409.0
GCA_016456855	GCA_016456855.1_01792	409.0
GCA_016456875	GCA_016456875.1_00730	409.0
GCA_016456905	GCA_016456905.1_03269	409.0
GCA_016456915	GCA_016456915.1_03419	409.0
GCA_016456925	GCA_016456925.1_03276	409.0
GCA_016456945	GCA_016456945.1_03261	409.0
GCA_016456985	GCA_016456985.1_01509	409.0
GCA_016456995	GCA_016456995.1_00265	409.0
GCA_016457045	GCA_016457045.1_00141	409.0
GCA_016457055	GCA_016457055.1_02417	409.0
GCA_016457065	GCA_016457065.1_03488	409.0
GCA_016457095	GCA_016457095.1_00819	409.0
GCA_016457125	GCA_016457125.1_02371	409.0
GCA_016457135	GCA_016457135.1_02804	409.0
GCA_016457155	GCA_016457155.1_00185	409.0
GCA_016457185	GCA_016457185.1_01964	409.0
GCA_016457205	GCA_016457205.1_01256	409.0
GCA_017051655	GCA_017051655.1_00777	387.0
GCA_017051735	GCA_017051735.1_00767	387.0
GCA_017051755	GCA_017051755.1_00293	387.0
GCA_017051775	GCA_017051775.1_00779	387.0
GCA_017051795	GCA_017051795.1_00830	387.0
GCA_017169525	GCA_017169525.1_02602	285.0
GCA_017169545	GCA_017169545.1_01571	398.0
GCA_017426765	GCA_017426765.1_00597	409.0
GCA_017426785	GCA_017426785.1_02222	409.0
GCA_017426815	GCA_017426815.1_01046	409.0
GCA_017426825	GCA_017426825.1_01224	409.0
GCA_017426845	GCA_017426845.1_01197	409.0
GCA_017426885	GCA_017426885.1_00746	409.0
GCA_017426905	GCA_017426905.1_01508	409.0
GCA_017426915	GCA_017426915.1_03519	398.0
GCA_017426945	GCA_017426945.1_00422	409.0
GCA_017426965	GCA_017426965.1_02467	409.0
GCA_017426985	GCA_017426985.1_02671	409.0
GCA_017427005	GCA_017427005.1_01888	409.0
GCA_017814615	GCA_017814615.1_03130	409.0
GCA_017948285	GCA_017948285.1_00679	409.0
GCA_017948345	GCA_017948345.1_01873	409.0
GCA_018035165	GCA_018035165.1_02874	409.0
GCA_018310255	GCA_018310255.1_02844	409.0
GCA_018336415	GCA_018336415.1_01889	409.0
GCA_018398015	GCA_018398015.1_00862	409.0
GCA_018398025	GCA_018398025.1_02004	409.0
GCA_018398035	GCA_018398035.1_00821	409.0
GCA_018398045	GCA_018398045.1_00795	409.0
GCA_018398085	GCA_018398085.1_00824	409.0
GCA_018398115	GCA_018398115.1_01243	409.0
GCA_018398135	GCA_018398135.1_01517	409.0
GCA_018398155	GCA_018398155.1_01110	409.0
GCA_018398175	GCA_018398175.1_01129	409.0
GCA_018398195	GCA_018398195.1_02257	409.0
GCA_018398205	GCA_018398205.1_00905	409.0
GCA_018398235	GCA_018398235.1_00772	409.0
GCA_018398255	GCA_018398255.1_00794	409.0
GCA_018916525	GCA_018916525.1_00679	409.0
GCA_018916535	GCA_018916535.1_00948	409.0
GCA_018916555	GCA_018916555.1_03068	409.0
GCA_018916575	GCA_018916575.1_02984	409.0
GCA_018916585	GCA_018916585.1_00823	409.0
GCA_018920385	GCA_018920385.1_01832	409.0
GCA_018920425	GCA_018920425.1_03229	398.0
GCA_018929285	GCA_018929285.1_02396	409.0
GCA_018929315	GCA_018929315.1_02327	409.0
GCA_018929375	GCA_018929375.1_02455	409.0
GCA_018929395	GCA_018929395.1_02435	409.0
GCA_018929415	GCA_018929415.1_01658	409.0
GCA_018929475	GCA_018929475.1_02130	409.0
GCA_018929575	GCA_018929575.1_02329	409.0
GCA_018929615	GCA_018929615.1_00937	409.0
GCA_018929625	GCA_018929625.1_02408	409.0
GCA_018929655	GCA_018929655.1_01164	409.0
GCA_018929675	GCA_018929675.1_02906	409.0
GCA_018929775	GCA_018929775.1_01507	409.0
GCA_018929815	GCA_018929815.1_01149	409.0
GCA_019048845	GCA_019048845.1_03203	402.0
GCA_019092625	GCA_019092625.1_00309	384.0
GCA_019092665	GCA_019092665.1_00174	384.0
GCA_019092705	GCA_019092705.1_01521	384.0
GCA_019092725	GCA_019092725.1_00174	384.0
GCA_019092735	GCA_019092735.1_00174	384.0
GCA_019092765	GCA_019092765.1_01496	384.0
GCA_019092805	GCA_019092805.1_01388	384.0
GCA_019092825	GCA_019092825.1_01744	384.0
GCA_019092835	GCA_019092835.1_01698	384.0
GCA_019092945	GCA_019092945.1_00179	384.0
GCA_019092965	GCA_019092965.1_01604	384.0
GCA_019092975	GCA_019092975.1_01478	384.0
GCA_019093005	GCA_019093005.1_02984	409.0
GCA_019093025	GCA_019093025.1_01731	384.0
GCA_019093035	GCA_019093035.1_01422	384.0
GCA_019093085	GCA_019093085.1_01449	384.0
GCA_019093095	GCA_019093095.1_01755	384.0
GCA_019093125	GCA_019093125.1_01495	384.0
GCA_019093145	GCA_019093145.1_00404	384.0
GCA_019093165	GCA_019093165.1_02629	384.0
GCA_019093175	GCA_019093175.1_01525	384.0
GCA_019093205	GCA_019093205.1_00404	384.0
GCA_019273615	GCA_019273615.1_02251	409.0
GCA_019273635	GCA_019273635.1_02233	409.0
GCA_019273655	GCA_019273655.1_02238	409.0
GCA_019273675	GCA_019273675.1_02234	409.0
GCA_019339365	GCA_019339365.1_04098	405.0
GCA_019350595	GCA_019350595.1_00283	409.0
GCA_019350605	GCA_019350605.1_00554	409.0
GCA_019350615	GCA_019350615.1_01734	409.0
GCA_019350655	GCA_019350655.1_03564	409.0
GCA_019350675	GCA_019350675.1_01937	409.0
GCA_019350695	GCA_019350695.1_02318	409.0
GCA_019350715	GCA_019350715.1_02145	409.0
GCA_019350735	GCA_019350735.1_02011	409.0
GCA_019350755	GCA_019350755.1_01896	409.0
GCA_019350775	GCA_019350775.1_00179	409.0
GCA_019350795	GCA_019350795.1_00426	409.0
GCA_019350805	GCA_019350805.1_01544	409.0
GCA_019350825	GCA_019350825.1_03580	409.0
GCA_019350855	GCA_019350855.1_00182	409.0
GCA_019350875	GCA_019350875.1_00329	409.0
GCA_019350895	GCA_019350895.1_00271	409.0
GCA_019400755	GCA_019400755.1_00289	398.0
GCA_019400765	GCA_019400765.1_03525	409.0
GCA_019400805	GCA_019400805.1_00684	409.0
GCA_019400815	GCA_019400815.1_00244	398.0
GCA_019448075	GCA_019448075.1_01327	409.0
GCA_019448125	GCA_019448125.1_00101	409.0
GCA_019458445	GCA_019458445.1_01956	409.0
GCA_019458465	GCA_019458465.1_02013	409.0
GCA_019504425	GCA_019504425.1_01790	395.0
GCA_019670025	GCA_019670025.1_03367	377.0
GCA_019670485	GCA_019670485.1_03301	377.0
GCA_019704175	GCA_019704175.1_02225	409.0
GCA_019704195	GCA_019704195.1_02238	409.0
GCA_019704215	GCA_019704215.1_00379	412.0
GCA_019704235	GCA_019704235.1_01944	409.0
GCA_019704255	GCA_019704255.1_02603	409.0
GCA_019780445	GCA_019780445.1_03533	398.0
GCA_019780645	GCA_019780645.1_03149	409.0
GCA_019793275	GCA_019793275.1_00176	409.0
GCA_019846155	GCA_019846155.1_00017	394.0
GCA_019846205	GCA_019846205.1_03228	411.0
GCA_019846815	GCA_019846815.1_00170	394.0
GCA_020103235	GCA_020103235.1_01524	384.0
GCA_020686745	GCA_020686745.1_02257	405.0
GCA_021014515	GCA_021014515.1_02960	261.0
GCA_021014545	GCA_021014545.1_03013	261.0
GCA_021014565	GCA_021014565.1_03271	409.0
GCA_021014645	GCA_021014645.1_00561	409.0
GCA_021014655	GCA_021014655.1_01969	409.0
GCA_021014685	GCA_021014685.1_02773	409.0
GCA_021014705	GCA_021014705.1_00191	409.0
GCA_021014725	GCA_021014725.1_02926	409.0
GCA_021014745	GCA_021014745.1_00191	409.0
GCA_021014765	GCA_021014765.1_00182	409.0
GCA_021014785	GCA_021014785.1_00050	409.0
GCA_021014805	GCA_021014805.1_00191	409.0
GCA_021014845	GCA_021014845.1_02488	409.0
GCA_021014865	GCA_021014865.1_00086	409.0
GCA_021014875	GCA_021014875.1_01194	409.0
GCA_021166875	GCA_021166875.1_01248	409.0
GCA_021166895	GCA_021166895.1_01119	409.0
GCA_021166915	GCA_021166915.1_01040	409.0
GCA_021166935	GCA_021166935.1_02361	409.0
GCA_021166955	GCA_021166955.1_01492	409.0
GCA_021166975	GCA_021166975.1_02431	409.0
GCA_021166995	GCA_021166995.1_01937	409.0
GCA_021167035	GCA_021167035.1_00977	409.0
GCA_021228575	GCA_021228575.1_00471	409.0
GCA_021431865	GCA_021431865.1_01840	409.0
GCA_021431945	GCA_021431945.1_02927	409.0
GCA_022398025	GCA_022398025.1_00244	405.0
GCA_022398095	GCA_022398095.1_00484	405.0
GCA_022398215	GCA_022398215.1_00987	405.0
GCA_022603415	GCA_022603415.1_00767	387.0
GCA_022670655	GCA_022670655.1_01277	409.0
GCA_022758165	GCA_022758165.1_02181	409.0
GCA_023163185	GCA_023163185.1_01545	398.0
GCA_023169825	GCA_023169825.1_01956	409.0
GCA_023488285	GCA_023488285.1_02471	409.0
GCA_023716545	GCA_023716545.1_04241	405.0
GCA_023716645	GCA_023716645.1_04315	405.0
GCA_023716705	GCA_023716705.1_04236	405.0
GCA_023721055	GCA_023721055.1_05291	405.0
GCA_023955485	GCA_023955485.1_01100	364.0
GCA_024105855	GCA_024105855.1_02203	409.0
GCA_024105875	GCA_024105875.1_00064	409.0
GCA_024105925	GCA_024105925.1_02706	409.0
GCA_024105975	GCA_024105975.1_03501	398.0
GCA_024106015	GCA_024106015.1_02070	398.0
GCA_024106035	GCA_024106035.1_01110	398.0
GCA_024106075	GCA_024106075.1_00321	409.0
GCA_024106085	GCA_024106085.1_00240	409.0
GCA_024106095	GCA_024106095.1_01404	409.0
GCA_024347395	GCA_024347395.1_02035	388.0
GCA_024359565	GCA_024359565.1_01760	398.0
GCA_024449095	GCA_024449095.1_04241	405.0
GCA_024495625	GCA_024495625.1_02687	409.0
GCA_024495705	GCA_024495705.1_02912	409.0
GCA_024734685	GCA_024734685.1_01880	409.0
GCA_024743535	GCA_024743535.1_00916	409.0
GCA_024743545	GCA_024743545.1_03167	409.0
GCA_024744955	GCA_024744955.1_01914	409.0
GCA_024745065	GCA_024745065.1_02539	409.0
GCA_024745095	GCA_024745095.1_02037	409.0
GCA_024745295	GCA_024745295.1_03253	409.0
GCA_024745515	GCA_024745515.1_01661	409.0
GCA_024745555	GCA_024745555.1_01676	409.0
GCA_024745565	GCA_024745565.1_01536	409.0
GCA_024745585	GCA_024745585.1_00806	409.0
GCA_024745935	GCA_024745935.1_01673	398.0
GCA_024746215	GCA_024746215.1_03501	409.0
GCA_024748415	GCA_024748415.1_03213	411.0
GCA_900185995	GCA_900185995.1_01838	398.0
GCA_900205735	GCA_900205735.1_00923	409.0
GCA_900324425	GCA_900324425.1_01874	409.0
GCA_900324435	GCA_900324435.1_01876	409.0
GCA_900324445	GCA_900324445.1_01874	409.0
GCA_900324455	GCA_900324455.1_01875	409.0
GCA_900460385	GCA_900460385.1_01518	394.0
GCA_900538065	GCA_900538065.1_01817	409.0
GCA_900604885	GCA_900604885.1_01840	409.0
GCA_900604895	GCA_900604895.1_00169	409.0
GCA_900604905	GCA_900604905.1_00114	409.0
GCA_900604915	GCA_900604915.1_01131	409.0
GCA_902385755	GCA_902385755.1_00611	409.0
GCA_902386355	GCA_902386355.1_01177	391.0
GCA_902809915	GCA_902809915.1_01429	409.0
GCA_902809995	GCA_902809995.1_01732	398.0
GCA_902810005	GCA_902810005.1_00331	409.0
GCA_902810025	GCA_902810025.1_00494	395.0
GCA_905175395	GCA_905175395.2_03461	377.0
GCA_944738745	GCA_944738745.1_00210	384.0
GCA_944738855	GCA_944738855.1_00252	143.0
GCA_944739605	GCA_944739605.1_00284	384.0
GCA_000175995	GCA_000175995.1_01868,GCA_000175995.1_01869	368
GCA_000195065	GCA_000195065.1_00885,GCA_000195065.1_00886	416
GCA_000223095	GCA_000223095.2_01747,GCA_000223095.2_01748	343
GCA_000304915	GCA_000304915.2_01109,GCA_000304915.2_01110	303
GCA_000696385	GCA_000696385.1_00045,GCA_000696385.1_00046	401
GCA_000740515	GCA_000740515.2_02729,GCA_000740515.2_02730	427
GCA_000966395	GCA_000966395.1_03744,GCA_000966395.1_03745	290
GCA_001253315	GCA_001253315.1_01175,GCA_001253315.1_01176	398
GCA_001402175	GCA_001402175.1_03452,GCA_001402175.1_03453	322
GCA_001515165	GCA_001515165.1_02344,GCA_001515165.1_02345	285
GCA_002073995	GCA_002073995.1_04201,GCA_002073995.1_04202	406
GCA_003594515	GCA_003594515.1_01190,GCA_003594515.1_02369	307
GCA_003594945	GCA_003594945.1_01147,GCA_003594945.1_01148	354
GCA_003716375	GCA_003716375.1_02732,GCA_003716375.1_02733	343
GCA_008464965	GCA_008464965.1_01503,GCA_008464965.1_01504	403
GCA_009763985	GCA_009763985.1_02732,GCA_009763985.1_02733	343
GCA_009764005	GCA_009764005.1_00989,GCA_009764005.1_00990	402
GCA_013357785	GCA_013357785.1_01930,GCA_013357785.1_01931	354
