Gene name	beta-gamma-crystallin	beta propeller (blades 1-5)	beta prism C1_L	57_aa	beta prism C1_R	beta-propeller (blades 6-8)	beta prism C2
GCA_000006745.1_00928	1	1	1	0	1	1	1
GCA_000006745.1_01844	0	1	1	1	1	1	0
GCA_000016245.1_00444	1	1	1	0	1	1	1
GCA_000021605.1_00886	1	1	1	0	1	1	1
GCA_000152445.1_01115	1	1	1	0	1	1	1
GCA_000152445.1_03514	0	1	1	1	1	1	0
GCA_000152465.2_00878	0	1	1	1	1	1	0
GCA_000152465.2_01590	1	1	1	0	1	1	1
GCA_000153785.3_00635	0	1	1	1	1	1	0
GCA_000153785.3_02529	1	1	1	0	1	1	1
GCA_000153945.1_02894	1	1	1	0	1	1	1
GCA_000153985.3_01192	0	1	1	1	1	1	0
GCA_000153985.3_02028	1	1	1	0	1	1	1
GCA_000154005.2_00291	0	1	1	1	1	1	0
GCA_000154005.2_01223	1	1	1	0	1	1	1
GCA_000167935.2_01666	0	1	1	1	1	1	0
GCA_000167935.2_02305	1	1	1	0	1	1	1
GCA_000168895.2_01199	0	1	1	1	1	1	0
GCA_000168895.2_01860	1	1	1	0	1	1	1
GCA_000168935.3_00023	1	1	1	0	1	1	1
GCA_000168935.3_00991	0	1	1	1	1	1	0
GCA_000174115.1_00905	0	1	1	1	1	1	0
GCA_000174115.1_01792	1	1	1	0	1	1	1
GCA_000174235.1_01478	0	1	1	1	1	1	0
GCA_000174235.1_03233	1	1	1	0	1	1	1
GCA_000174255.1_00122	1	1	1	0	1	1	1
GCA_000174255.1_03235	0	1	1	1	1	1	0
GCA_000174295.1_00980	0	1	1	1	1	1	0
GCA_000174295.1_02850	1	1	1	0	1	1	1
GCA_000175975.1_02289	1	1	1	0	1	1	1
GCA_000175995.1_01870	1	1	1	0	1	1	1
GCA_000176215.1_01129	1	1	1	0	1	1	1
GCA_000176215.1_02817	0	1	1	1	1	1	0
GCA_000176375.1_03029	1	1	1	0	1	1	1
GCA_000176415.1_00173	1	1	1	0	1	1	1
GCA_000176455.1_01742	1	1	1	0	1	1	1
GCA_000176715.1_00530	0	1	1	1	1	1	0
GCA_000176715.1_02879	1	1	1	0	1	1	1
GCA_000195065.1_00887	1	1	1	0	1	1	1
GCA_000195065.1_01808	0	1	1	1	1	1	0
GCA_000220765.2_00551	1	1	1	0	1	1	1
GCA_000220765.2_01431	0	1	1	1	1	1	0
GCA_000220785.2_00641	0	1	1	1	1	1	0
GCA_000220785.2_01760	1	1	1	0	1	1	1
GCA_000221405.1_01406	1	1	1	0	1	1	1
GCA_000221445.1_01043	1	1	1	0	1	1	1
GCA_000221445.1_02041	0	1	1	1	1	1	0
GCA_000221465.1_01659	1	1	1	0	1	1	1
GCA_000279265.1_01859	1	1	1	0	1	1	1
GCA_000279285.1_01086	1	1	1	0	1	1	1
GCA_000279345.1_01906	1	1	1	0	1	1	1
GCA_000279435.1_00976	1	1	1	0	1	1	1
GCA_000287135.2_01818	1	1	1	0	1	1	1
GCA_000299495.2_00915	0	1	1	1	1	1	0
GCA_000299495.2_02031	1	1	1	0	1	1	1
GCA_000302965.1_01340	1	1	1	0	1	1	1
GCA_000302965.1_02653	0	1	1	1	1	1	0
GCA_000303085.1_01663	0	1	1	1	1	1	0
GCA_000303085.1_01890	1	1	1	0	1	1	1
GCA_000304915.2_01111	1	1	1	0	1	1	1
GCA_000304915.2_02336	0	1	1	1	1	1	0
GCA_000305625.2_01866	1	1	1	0	1	1	1
GCA_000318075.1_01297	0	1	1	1	1	1	0
GCA_000318075.1_01322	1	1	1	0	1	1	1
GCA_000338215.2_01550	0	1	1	1	1	1	0
GCA_000338875.1_03705	1	1	1	0	1	1	1
GCA_000348085.2_02571	0	1	1	1	1	1	0
GCA_000348345.2_00574	1	1	1	0	1	1	1
GCA_000348345.2_01494	0	1	1	1	1	1	0
GCA_000348425.2_00798	1	1	1	0	1	1	1
GCA_000348425.2_02223	0	1	1	1	1	1	0
GCA_000387585.1_00574	0	1	1	1	1	1	0
GCA_000387585.1_02299	1	1	1	0	1	1	1
GCA_000473785.1_00871	1	1	1	0	1	1	1
GCA_000518145.1_02808	1	1	1	0	1	1	1
GCA_000696385.1_01425	0	1	1	1	1	1	0
GCA_000710155.1_00900	1	1	1	0	1	1	1
GCA_000736765.1_00388	0	1	1	1	1	1	0
GCA_000736765.1_02450	1	1	1	0	1	1	1
GCA_000736775.1_02995	1	1	1	0	1	1	1
GCA_000736785.1_01718	1	1	1	0	1	1	1
GCA_000736785.1_02090	0	1	1	1	1	1	0
GCA_000736795.1_00396	0	1	1	1	1	1	0
GCA_000736795.1_01650	1	1	1	0	1	1	1
GCA_000736855.1_01303	1	1	1	0	1	1	1
GCA_000736875.1_03282	1	1	1	0	1	1	1
GCA_000736935.1_01489	0	1	1	1	1	1	0
GCA_000736935.1_02682	1	1	1	0	1	1	1
GCA_000736945.1_00717	0	1	1	1	1	1	0
GCA_000737025.1_00016	1	1	1	0	1	1	1
GCA_000737025.1_00672	0	1	1	1	1	1	0
GCA_000753725.1_01252	0	1	1	1	1	1	0
GCA_000763075.1_00485	0	1	1	1	1	1	0
GCA_000788495.1_00804	1	1	1	0	1	1	1
GCA_000788495.1_03178	0	1	1	1	1	1	0
GCA_000788515.1_00604	0	1	1	1	1	1	0
GCA_000788515.1_02193	1	1	1	0	1	1	1
GCA_000788675.1_03522	1	1	1	0	1	1	1
GCA_000788715.2_02335	0	1	1	1	1	1	0
GCA_000788755.1_02341	1	1	1	0	1	1	1
GCA_000798995.1_01537	1	1	1	0	1	1	1
GCA_000812045.1_01688	0	1	1	1	1	1	0
GCA_000812045.1_03584	1	1	1	0	1	1	1
GCA_000953785.1_01388	0	1	1	1	1	1	0
GCA_000969235.1_00980	0	1	1	1	1	1	0
GCA_000969235.1_02808	1	1	1	0	1	1	1
GCA_000969265.1_01623	1	1	1	0	1	1	1
GCA_000969265.1_02533	0	1	1	1	1	1	0
GCA_001027485.1_00489	1	1	1	0	1	1	1
GCA_001030035.1_01146	1	1	1	0	1	1	1
GCA_001250935.1_00545	1	1	1	0	1	1	1
GCA_001254055.1_00731	1	1	1	0	1	1	1
GCA_001254095.1_00574	0	1	1	1	1	1	0
GCA_001254095.1_01778	1	1	1	0	1	1	1
GCA_001254335.1_00056	1	1	1	0	1	1	1
GCA_001257035.1_03447	1	1	1	0	1	1	1
GCA_001257255.1_00439	1	1	1	0	1	1	1
GCA_001292745.1_03411	0	1	1	1	1	1	0
GCA_001292785.1_03636	0	1	1	1	1	1	0
GCA_001402155.1_00119	0	1	1	1	1	1	0
GCA_001402155.1_03713	1	1	1	0	1	1	1
GCA_001402165.1_01685	0	1	1	1	1	1	0
GCA_001402165.1_02461	1	1	1	0	1	1	1
GCA_001402175.1_01232	0	1	1	1	1	1	0
GCA_001402175.1_03451	1	1	1	0	1	1	1
GCA_001402185.1_01341	1	1	1	0	1	1	1
GCA_001402185.1_01962	0	1	1	1	1	1	0
GCA_001402255.1_01741	1	1	1	0	1	1	1
GCA_001402255.1_02646	0	1	1	1	1	1	0
GCA_001402265.1_02393	0	1	1	1	1	1	0
GCA_001402285.1_01865	1	1	1	0	1	1	1
GCA_001402285.1_03313	0	1	1	1	1	1	0
GCA_001402345.1_01875	1	1	1	0	1	1	1
GCA_001402345.1_02731	0	1	1	1	1	1	0
GCA_001402425.1_02718	1	1	1	0	1	1	1
GCA_001402495.1_00300	0	1	1	1	1	1	0
GCA_001402495.1_01101	1	1	1	0	1	1	1
GCA_001402515.1_00657	0	1	1	1	1	1	0
GCA_001402515.1_03102	1	1	1	0	1	1	1
GCA_001402675.1_00018	1	1	1	0	1	1	1
GCA_001402675.1_01303	0	1	1	1	1	1	0
GCA_001402685.1_01983	1	1	1	0	1	1	1
GCA_001402745.1_03665	0	1	1	1	1	1	0
GCA_001515115.1_01479	0	1	1	1	1	1	0
GCA_001515165.1_02346	1	1	1	0	1	1	1
GCA_001515165.1_02535	0	1	1	1	1	1	0
GCA_001543505.1_02196	0	1	1	1	1	1	0
GCA_001617665.1_00281	0	1	1	1	1	1	0
GCA_001637555.1_00329	0	1	1	1	1	1	0
GCA_001718095.1_00351	0	1	1	1	1	1	0
GCA_001718095.1_03010	1	1	1	0	1	1	1
GCA_001718105.1_00520	0	1	1	1	1	1	0
GCA_001718105.1_03186	1	1	1	0	1	1	1
GCA_001729195.1_02821	1	1	1	0	1	1	1
GCA_001735565.1_00888	1	1	1	0	1	1	1
GCA_001743085.1_01092	0	1	1	1	1	1	0
GCA_001743085.1_01832	1	1	1	0	1	1	1
GCA_001767355.1_02086	1	1	1	0	1	1	1
GCA_001857155.1_02348	0	1	1	1	1	1	0
GCA_001857155.1_02505	1	1	1	0	1	1	1
GCA_001857455.1_01227	0	1	1	1	1	1	0
GCA_001857455.1_01453	1	1	1	0	1	1	1
GCA_001857485.1_01777	1	1	1	0	1	1	1
GCA_001857485.1_02160	0	1	1	1	1	1	0
GCA_001857515.1_01010	1	1	1	0	1	1	1
GCA_001857515.1_01478	0	1	1	1	1	1	0
GCA_001989695.1_01945	1	1	1	0	1	1	1
GCA_002097735.1_00305	1	1	1	0	1	1	1
GCA_002097735.1_01303	0	1	1	1	1	1	0
GCA_002097755.1_02084	0	1	1	1	1	1	0
GCA_002114205.1_02694	1	1	1	0	1	1	1
GCA_002196055.1_02419	0	1	1	1	1	1	0
GCA_002196165.1_01803	0	1	1	1	1	1	0
GCA_002196165.1_02702	1	1	1	0	1	1	1
GCA_002196305.1_01205	1	1	1	0	1	1	1
GCA_002196375.1_01582	0	1	1	1	1	1	0
GCA_002196375.1_02411	1	1	1	0	1	1	1
GCA_002196395.1_02963	0	1	1	1	1	1	0
GCA_002212025.1_00954	1	1	1	0	1	1	1
GCA_002216685.1_00817	0	1	1	1	1	1	0
GCA_002241075.1_02606	1	1	1	0	1	1	1
GCA_002241195.1_00530	1	1	1	0	1	1	1
GCA_002241275.1_00626	1	1	1	0	1	1	1
GCA_002241335.1_01876	1	1	1	0	1	1	1
GCA_002251495.1_01052	0	1	1	1	1	1	0
GCA_002257545.1_00778	1	1	1	0	1	1	1
GCA_002283805.1_00770	0	1	1	1	1	1	0
GCA_002283805.1_01989	1	1	1	0	1	1	1
GCA_002283835.1_00530	1	1	1	0	1	1	1
GCA_002283835.1_03149	0	1	1	1	1	1	0
GCA_002283845.1_02763	1	1	1	0	1	1	1
GCA_002283845.1_02959	0	1	1	1	1	1	0
GCA_002283905.1_00019	1	1	1	0	1	1	1
GCA_002283905.1_03282	0	1	1	1	1	1	0
GCA_002283955.1_01663	0	1	1	1	1	1	0
GCA_002284025.1_01184	0	1	1	1	1	1	0
GCA_002284025.1_03316	1	1	1	0	1	1	1
GCA_002284125.1_01494	1	1	1	0	1	1	1
GCA_002284155.1_01646	0	1	1	1	1	1	0
GCA_002284155.1_02586	1	1	1	0	1	1	1
GCA_002284185.1_00828	0	1	1	1	1	1	0
GCA_002284185.1_02719	1	1	1	0	1	1	1
GCA_002284205.1_00481	1	1	1	0	1	1	1
GCA_002284235.1_02089	0	1	1	1	1	1	0
GCA_002284235.1_03387	1	1	1	0	1	1	1
GCA_002284255.1_00301	1	1	1	0	1	1	1
GCA_002284255.1_01121	0	1	1	1	1	1	0
GCA_002284325.1_01193	0	1	1	1	1	1	0
GCA_002284325.1_02544	1	1	1	0	1	1	1
GCA_002284395.1_01286	0	1	1	1	1	1	0
GCA_002284395.1_02924	1	1	1	0	1	1	1
GCA_002284425.1_01988	1	1	1	0	1	1	1
GCA_002284425.1_02544	0	1	1	1	1	1	0
GCA_002284455.1_01207	1	1	1	0	1	1	1
GCA_002284475.1_01744	1	1	1	0	1	1	1
GCA_002284475.1_03110	0	1	1	1	1	1	0
GCA_002284495.1_01761	0	1	1	1	1	1	0
GCA_002313025.1_00994	0	1	1	1	1	1	0
GCA_002843255.1_03257	1	1	1	0	1	1	1
GCA_002890525.1_00254	1	1	1	0	1	1	1
GCA_002890525.1_01186	0	1	1	1	1	1	0
GCA_002995435.1_03119	1	1	1	0	1	1	1
GCA_003056995.1_02866	1	1	1	0	1	1	1
GCA_003057015.1_01167	0	1	1	1	1	1	0
GCA_003057035.1_02433	0	1	1	1	1	1	0
GCA_003057035.1_02547	1	1	1	0	1	1	1
GCA_003057775.1_00836	1	1	1	0	1	1	1
GCA_003057775.1_01093	0	1	1	1	1	1	0
GCA_003063885.1_01903	1	1	1	0	1	1	1
GCA_003096135.1_01506	0	1	1	1	1	1	0
GCA_003096135.1_02678	1	1	1	0	1	1	1
GCA_003260135.1_01090	0	1	1	1	1	1	0
GCA_003311755.1_02468	0	1	1	1	1	1	0
GCA_003311805.1_00512	0	1	1	1	1	1	0
GCA_003311815.1_01093	0	1	1	1	1	1	0
GCA_003311825.1_03306	0	1	1	1	1	1	0
GCA_003311865.1_01611	0	1	1	1	1	1	0
GCA_003311885.1_03196	0	1	1	1	1	1	0
GCA_003311895.1_03194	0	1	1	1	1	1	0
GCA_003311905.1_02808	0	1	1	1	1	1	0
GCA_003311945.1_00925	0	1	1	1	1	1	0
GCA_003311965.1_02662	1	1	1	0	1	1	1
GCA_003312005.1_00822	0	1	1	1	1	1	0
GCA_003312005.1_02055	1	1	1	0	1	1	1
GCA_003312015.1_01893	1	1	1	0	1	1	1
GCA_003312065.1_00097	1	1	1	0	1	1	1
GCA_003312065.1_01629	0	1	1	1	1	1	0
GCA_003312085.1_01819	0	1	1	1	1	1	0
GCA_003312085.1_03307	1	1	1	0	1	1	1
GCA_003312095.1_01403	0	1	1	1	1	1	0
GCA_003312095.1_02032	1	1	1	0	1	1	1
GCA_003312945.1_00292	1	1	1	0	1	1	1
GCA_003347715.1_00465	0	1	1	1	1	1	0
GCA_003347725.1_00951	1	1	1	0	1	1	1
GCA_003347725.1_02945	0	1	1	1	1	1	0
GCA_003347755.1_00997	1	1	1	0	1	1	1
GCA_003347775.1_00797	1	1	1	0	1	1	1
GCA_003347815.1_00690	1	1	1	0	1	1	1
GCA_003347815.1_02027	0	1	1	1	1	1	0
GCA_003347855.1_01608	1	1	1	0	1	1	1
GCA_003347905.1_02630	0	1	1	1	1	1	0
GCA_003347915.1_01322	0	1	1	1	1	0.5	0
GCA_003347935.1_00259	0	1	1	1	1	1	0
GCA_003348015.1_00206	0	1	1	1	1	1	0
GCA_003348015.1_01570	1	1	1	0	1	1	1
GCA_003348055.1_00266	1	1	1	0	1	1	1
GCA_003348065.1_01208	0	1	1	1	1	1	0
GCA_003348065.1_03402	1	1	1	0	1	1	1
GCA_003348095.1_00691	1	1	1	0	1	1	1
GCA_003348095.1_01214	0	1	1	1	1	1	0
GCA_003348195.1_00283	0	1	1	1	1	1	0
GCA_003348195.1_01912	1	1	1	0	1	1	1
GCA_003348235.1_01669	0	1	1	1	1	1	0
GCA_003348235.1_01974	1	1	1	0	1	1	1
GCA_003348305.1_02556	1	1	1	0	1	1	1
GCA_003348415.1_01939	0	1	1	1	1	1	0
GCA_003348415.1_02348	1	1	1	0	1	1	1
GCA_003348545.1_00546	0	1	1	1	1	1	0
GCA_003348545.1_01528	1	1	1	0	1	1	1
GCA_003348655.1_01492	0	1	1	1	1	1	0
GCA_003348655.1_01791	1	1	1	0	1	1	1
GCA_003348735.1_00017	1	1	1	0	1	1	1
GCA_003348735.1_03112	0	1	1	1	1	1	0
GCA_003348755.1_03145	0	1	1	1	1	1	0
GCA_003348815.1_02076	1	1	1	0	1	1	1
GCA_003348885.1_00313	0	1	1	1	1	1	0
GCA_003348985.1_00112	0	1	1	1	1	1	0
GCA_003348985.1_00622	1	1	1	0	1	1	1
GCA_003349055.1_03336	0	1	1	1	1	1	0
GCA_003349495.1_00901	0	1	1	1	1	1	0
GCA_003349525.1_01856	1	1	1	0	1	1	1
GCA_003349575.1_01900	1	1	1	0	1	1	1
GCA_003349575.1_02367	0	1	1	1	1	1	0
GCA_003449075.1_00716	0	1	1	1	1	1	0
GCA_003449135.1_02885	0	1	1	1	1	1	0
GCA_003585365.1_00386	0	1	1	1	1	1	0
GCA_003585365.1_01113	1	1	1	0	1	1	1
GCA_003585385.1_02178	0	1	1	1	1	1	0
GCA_003585465.1_00644	0	1	1	1	1	1	0
GCA_003585465.1_02931	1	1	1	0	1	1	1
GCA_003585485.1_00946	1	1	1	0	1	1	1
GCA_003585505.1_01452	0	1	1	1	1	1	0
GCA_003585505.1_02987	1	1	1	0	1	1	1
GCA_003585535.1_03330	1	1	1	0	1	1	1
GCA_003585545.1_00600	1	1	1	0	1	1	1
GCA_003585545.1_02091	0	1	1	1	1	1	0
GCA_003591575.1_01010	0	1	1	1	1	1	0
GCA_003591575.1_01910	1	1	1	0	1	1	1
GCA_003594505.1_02853	1	1	1	0	1	1	1
GCA_003594505.1_03154	0	1	1	1	1	1	0
GCA_003594515.1_00014	0	1	1	1	1	1	0
GCA_003594515.1_01191	1	1	1	0	1	1	1
GCA_003594535.1_00287	0	1	1	1	1	1	0
GCA_003594535.1_01090	1	1	1	0	1	1	1
GCA_003594945.1_01149	1	1	1	0	1	1	1
GCA_003594945.1_02114	0	1	1	1	1	1	0
GCA_003595585.1_01035	1	1	1	0	1	1	1
GCA_003716365.1_01319	0	1	1	1	1	1	0
GCA_003716365.1_02452	1	1	1	0	1	1	1
GCA_003716375.1_00795	0	1	1	1	1	1	0
GCA_003716375.1_02734	1	1	1	0	1	1	1
GCA_003716425.1_01127	1	1	1	0	1	1	1
GCA_003716425.1_01354	0	1	1	1	1	1	0
GCA_003716435.1_00871	1	1	1	0	1	1	1
GCA_003716465.1_00382	0	1	1	1	1	1	0
GCA_003716465.1_02186	1	1	1	0	1	1	1
GCA_003716505.1_00093	1	1	1	0	1	1	1
GCA_003716505.1_00965	0	1	1	1	1	1	0
GCA_003716515.1_00743	1	1	1	0	1	1	1
GCA_003716515.1_01641	0	1	1	1	1	1	0
GCA_004117115.1_01089	0	1	1	1	1	1	0
GCA_004121775.1_00265	1	1	1	0	1	1	1
GCA_004801065.1_02413	1	1	1	0	1	1	1
GCA_005636045.1_03555	1	1	1	0	1	1	1
GCA_005636065.1_02573	1	1	1	0	1	1	1
GCA_006802045.1_01992	0	1	1	1	1	1	0
GCA_006802045.1_03441	1	1	1	0	1	1	1
GCA_006802075.1_01853	1	1	1	0	1	1	1
GCA_006802075.1_02514	0	1	1	1	1	1	0
GCA_006802145.1_02375	0	1	1	1	1	1	0
GCA_006802145.1_02961	1	1	1	0	1	1	1
GCA_006802155.1_02220	0	1	1	1	1	1	0
GCA_006802165.1_00374	1	1	1	0	1	1	1
GCA_006802195.1_01671	1	1	1	0	1	1	1
GCA_006802205.1_01161	0	1	1	1	1	1	0
GCA_006802205.1_01694	1	1	1	0	1	1	1
GCA_006802255.1_01303	1	1	1	0	1	1	1
GCA_006802255.1_01926	0	1	1	1	1	1	0
GCA_006802295.1_02348	0	1	1	1	1	1	0
GCA_006802345.1_01111	1	1	1	0	1	1	1
GCA_006802365.1_02315	1	1	1	0	1	1	1
GCA_006802365.1_02551	0	1	1	1	1	1	0
GCA_006802375.1_02966	1	1	1	0	1	1	1
GCA_006802375.1_03474	0	1	1	1	1	1	0
GCA_006802395.1_00007	1	1	1	0	1	1	1
GCA_006802395.1_02699	0	1	1	1	1	1	0
GCA_006802445.1_02317	1	1	1	0	1	1	1
GCA_006802475.1_01253	1	1	1	0	1	1	1
GCA_006802475.1_02757	0	1	1	1	1	1	0
GCA_006802485.1_01941	1	1	1	0	1	1	1
GCA_006802485.1_02089	0	1	1	1	1	1	0
GCA_006802495.1_01885	1	1	1	0	1	1	1
GCA_006802545.1_02851	1	1	1	0	1	1	1
GCA_006802575.1_00539	0	1	1	1	1	1	0
GCA_006802595.1_00777	1	1	1	0	1	1	1
GCA_006802595.1_03182	0	1	1	1	1	1	0
GCA_006802605.1_00137	1	1	1	0	1	1	1
GCA_006802605.1_00348	0	1	1	1	1	1	0
GCA_006802655.1_00177	1	1	1	0	1	1	1
GCA_006802655.1_01769	0	1	1	1	1	1	0
GCA_006802685.1_00456	0	1	1	1	1	1	0
GCA_006802695.1_01119	1	1	1	0	1	1	1
GCA_006802705.1_01424	0	1	1	1	1	1	0
GCA_006802735.1_02306	1	1	1	0	1	1	1
GCA_006802795.1_01783	0	1	1	1	1	1	0
GCA_006802795.1_02771	1	1	1	0	1	1	1
GCA_006802815.1_01742	0	1	1	1	1	1	0
GCA_006802815.1_03493	1	1	1	0	1	1	1
GCA_006802865.1_01219	0	1	1	1	1	1	0
GCA_006802865.1_01333	1	1	1	0	1	1	1
GCA_006802905.1_00461	1	1	1	0	1	1	1
GCA_006802905.1_01874	0	1	1	1	1	1	0
GCA_006802915.1_00991	1	1	1	0	1	1	1
GCA_006802925.1_00784	0	1	1	1	1	1	0
GCA_006802925.1_01404	1	1	1	0	1	1	1
GCA_006802935.1_02098	1	1	1	0	1	1	1
GCA_006802945.1_00401	1	1	1	0	1	1	1
GCA_006803025.1_01857	1	1	1	0	1	1	1
GCA_006803025.1_02975	0	1	1	1	1	1	0
GCA_006803035.1_01905	0	1	1	1	1	1	0
GCA_006803035.1_02947	1	1	1	0	1	1	1
GCA_006803105.1_00686	0	1	1	1	1	1	0
GCA_006803105.1_03444	1	1	1	0	1	1	1
GCA_006803115.1_00573	1	1	1	0	1	1	1
GCA_006803125.1_02695	0	1	1	1	1	1	0
GCA_006803125.1_03658	1	1	1	0	1	1	1
GCA_006803135.1_01706	1	1	1	0	1	1	1
GCA_007623975.1_01778	1	1	1	0	1	1	1
GCA_007624435.1_02231	1	1	1	0	1	1	1
GCA_007624435.1_02443	0	1	1	1	1	1	0
GCA_008083215.1_00649	0	1	1	1	1	1	0
GCA_008083245.1_00495	0	1	1	1	1	1	0
GCA_008083315.1_00020	0	1	1	1	1	1	0
GCA_008083335.1_01852	1	1	1	0	1	1	1
GCA_008083335.1_02720	0	1	1	1	1	1	0
GCA_008083355.1_00918	1	1	1	0	1	1	1
GCA_008083365.1_01642	1	1	1	0	1	1	1
GCA_008083365.1_03177	0	1	1	1	1	1	0
GCA_008083415.1_00791	0	1	1	1	1	1	0
GCA_008083415.1_01538	1	1	1	0	1	1	1
GCA_008083425.1_02493	0	1	1	1	1	1	0
GCA_008083445.1_01202	1	1	1	0	1	1	1
GCA_008083445.1_02949	0	1	1	1	1	1	0
GCA_008083465.1_00155	1	1	1	0	1	1	1
GCA_008083535.1_00313	1	1	1	0	1	1	1
GCA_008083545.1_01383	0	1	1	1	1	1	0
GCA_008083575.1_00518	0	1	1	1	1	1	0
GCA_008083575.1_01527	1	1	1	0	1	1	1
GCA_008083615.1_00241	1	1	1	0	1	1	1
GCA_008083635.1_01682	1	1	1	0	1	1	1
GCA_008083635.1_02872	0	1	1	1	1	1	0
GCA_008083665.1_02742	0	1	1	1	1	1	0
GCA_008083715.1_01557	1	1	1	0	1	1	1
GCA_008083755.1_00568	1	1	1	0	1	1	1
GCA_008083775.1_03181	1	1	1	0	1	1	1
GCA_008083785.1_00337	1	1	1	0	1	1	1
GCA_008083785.1_01600	0	1	1	1	1	1	0
GCA_008083855.1_01192	1	1	1	0	1	1	1
GCA_008083855.1_01419	0	1	1	1	1	1	0
GCA_008083865.1_01011	0	1	1	1	1	1	0
GCA_008083875.1_01971	0	1	1	1	1	1	0
GCA_008083915.1_02339	1	1	1	0	1	1	1
GCA_008083925.1_01913	1	1	1	0	1	1	1
GCA_008083955.1_02250	0	1	1	1	1	1	0
GCA_008083965.1_03765	1	1	1	0	1	1	1
GCA_008083975.1_01937	1	1	1	0	1	1	1
GCA_008083975.1_03080	0	1	1	1	1	1	0
GCA_008083995.1_01972	1	1	1	0	1	1	1
GCA_008084025.1_00268	0	1	1	1	1	1	0
GCA_008084025.1_01965	1	1	1	0	1	1	1
GCA_008084055.1_01716	0	1	1	1	1	1	0
GCA_008084055.1_02216	1	1	1	0	1	1	1
GCA_008084295.1_01170	0	1	1	1	1	1	0
GCA_008084305.1_02634	1	1	1	0	1	1	1
GCA_008084315.1_00932	1	1	1	0	1	1	1
GCA_008084325.1_03298	1	1	1	0	1	1	1
GCA_008084395.1_01724	0	1	1	1	1	1	0
GCA_008084405.1_02157	1	1	1	0	1	1	1
GCA_008084425.1_01256	0	1	1	1	1	1	0
GCA_008084425.1_02514	1	1	1	0	1	1	1
GCA_008084505.1_02818	1	1	1	0	1	1	1
GCA_008084525.1_00941	0	1	1	1	1	1	0
GCA_008084525.1_03062	1	1	1	0	1	1	1
GCA_008084545.1_02730	0	1	1	1	1	1	0
GCA_008084565.1_01748	1	1	1	0	1	1	1
GCA_008084565.1_02721	0	1	1	1	1	1	0
GCA_008084605.1_00427	0	1	1	1	1	1	0
GCA_008084605.1_03212	1	1	1	0	1	1	1
GCA_008084645.1_00756	1	1	1	0	1	1	1
GCA_008084645.1_03335	0	1	1	1	1	1	0
GCA_008084655.1_00969	0	1	1	1	1	1	0
GCA_008084655.1_02931	1	1	1	0	1	1	1
GCA_008084705.1_00091	0	1	1	1	1	1	0
GCA_008084705.1_01070	1	1	1	0	1	1	1
GCA_008084745.1_02072	1	1	1	0	1	1	1
GCA_008084755.1_00544	1	1	1	0	1	1	1
GCA_008084755.1_01626	0	1	1	1	1	1	0
GCA_008084795.1_01311	0	1	1	1	1	1	0
GCA_008084815.1_01933	0	1	1	1	1	1	0
GCA_008084825.1_01978	1	1	1	0	1	1	1
GCA_008084835.1_00011	1	1	1	0	1	1	1
GCA_008084855.1_00315	0	1	1	1	1	1	0
GCA_008084855.1_02829	1	1	1	0	1	1	1
GCA_008085465.1_02457	1	1	1	0	1	1	1
GCA_008085465.1_02696	0	1	1	1	1	1	0
GCA_008085535.1_01423	1	1	1	0	1	1	1
GCA_008085535.1_02177	0	1	1	1	1	1	0
GCA_008085575.1_02641	0	1	1	1	1	1	0
GCA_008085575.1_02902	1	1	1	0	1	1	1
GCA_008085585.1_00136	0	1	1	1	1	1	0
GCA_008085625.1_01423	0	1	1	1	1	1	0
GCA_008085625.1_02880	1	1	1	0	1	1	1
GCA_008085635.1_01381	0	1	1	1	1	1	0
GCA_008085635.1_01831	1	1	1	0	1	1	1
GCA_008269345.1_00573	0	1	1	1	1	1	0
GCA_008269345.1_01341	1	1	1	0	1	1	1
GCA_008269455.1_01946	1	1	1	0	1	1	1
GCA_008369465.1_00289	0	1	1	1	1	1	0
GCA_008369465.1_02016	1	1	1	0	1	1	1
GCA_008369605.1_00936	0	1	1	1	1	1	0
GCA_008369605.1_01830	1	1	1	0	1	1	1
GCA_008370425.1_00590	0	1	1	1	1	1	0
GCA_008370425.1_02682	1	1	1	0	1	1	1
GCA_008370445.1_00322	0	1	1	1	1	1	0
GCA_008370595.1_00929	1	1	1	0	1	1	1
GCA_009653605.1_01925	0	1	1	1	1	1	0
GCA_009653605.1_03083	1	1	1	0	1	1	1
GCA_009665195.1_00211	1	1	1	0	1	1	1
GCA_009665255.1_01692	1	1	1	0	1	1	1
GCA_009762895.1_01540	0	1	1	1	1	1	0
GCA_009762895.1_02589	1	1	1	0	1	1	1
GCA_009763905.1_00361	0	1	1	1	1	1	0
GCA_009763905.1_02145	1	1	1	0	1	1	1
GCA_009763965.1_00167	1	1	1	0	1	1	1
GCA_009764025.1_00918	1	1	1	0	1	1	1
GCA_009899585.1_02264	0	1	1	1	1	1	0
GCA_012275105.1_00813	1	1	1	0	1	1	1
GCA_012275105.1_02693	0	1	1	1	1	1	0
GCA_013048725.1_02089	1	1	1	0	1	1	1
GCA_013048735.1_03362	1	1	1	0	1	1	1
GCA_013048765.1_01280	1	1	1	0	1	1	1
GCA_013110925.1_00271	1	1	1	0	1	1	1
GCA_013110925.1_01593	0	1	1	1	1	1	0
GCA_013110955.1_03256	1	1	1	0	1	1	1
GCA_013110975.1_02439	1	1	1	0	1	1	1
GCA_013111105.1_03019	1	1	1	0	1	1	1
GCA_013111175.1_00017	1	1	1	0	1	1	1
GCA_013111175.1_01463	0	1	1	1	1	1	0
GCA_013111215.1_02346	0	1	1	1	1	1	0
GCA_013111215.1_03341	1	1	1	0	1	1	1
GCA_013111245.1_01775	1	1	1	0	1	1	1
GCA_013111275.1_02250	1	1	1	0	1	1	1
GCA_013111295.1_02047	0	1	1	1	1	1	0
GCA_013111295.1_03051	1	1	1	0	1	1	1
GCA_013111545.1_00161	1	1	1	0	1	1	1
GCA_013111585.1_01194	0	1	1	1	1	1	0
GCA_013111605.1_02288	1	1	1	0	1	1	1
GCA_013111655.1_02788	1	1	1	0	1	1	1
GCA_013357605.1_02005	1	1	1	0	1	1	1
GCA_013357625.1_00978	0	1	1	1	1	1	0
GCA_013357645.1_00978	0	1	1	1	1	1	0
GCA_013357665.1_00978	0	1	1	1	1	1	0
GCA_013357665.1_01897	1	1	1	0	1	1	1
GCA_013357685.1_01790	1	1	1	0	1	1	1
GCA_013357745.1_00980	0	1	1	1	1	1	0
GCA_013357745.1_01905	1	1	1	0	1	1	1
GCA_013357765.1_01834	1	1	1	0	1	1	1
GCA_013357785.1_00977	0	1	1	1	1	1	0
GCA_013357785.1_01929	1	1	1	0	1	1	1
GCA_013357825.1_01005	0	1	1	1	1	1	0
GCA_013357885.1_00989	0	1	1	1	1	1	0
GCA_013357885.1_01911	1	1	1	0	1	1	1
GCA_013414365.1_01440	1	1	1	0	1	1	1
GCA_013414375.1_00024	0	1	1	1	1	1	0
GCA_013414375.1_03320	1	1	1	0	1	1	1
GCA_013414565.1_01590	0	1	1	1	1	1	0
GCA_013414565.1_03502	1	1	1	0	1	1	1
GCA_014116745.1_00573	1	1	1	0	1	1	1
GCA_014116745.1_02241	0	1	1	1	1	1	0
GCA_014281135.1_02991	1	1	1	0	1	1	1
GCA_014525175.1_00283	0	1	1	1	1	1	0
GCA_014525175.1_02151	1	1	1	0	1	1	1
GCA_014634265.1_02548	0	1	1	1	1	1	0
GCA_014654545.1_00039	1	1	1	0	1	1	1
GCA_014654545.1_03338	0	1	1	1	1	1	0
GCA_014654565.1_00809	0	1	1	1	1	1	0
GCA_014654695.1_01532	0	1	1	1	1	1	0
GCA_014654695.1_01915	1	1	1	0	1	1	1
GCA_015168795.1_00971	0	1	1	1	1	1	0
GCA_015168795.1_01880	1	1	1	0	1	1	1
GCA_015830005.1_01134	0	1	1	1	1	1	0
GCA_015830025.1_00589	0	1	1	1	1	1	0
GCA_016456575.1_01412	1	1	1	0	1	1	1
GCA_016456645.1_00173	1	1	1	0	1	1	1
GCA_016456785.1_01191	0	1	1	1	1	1	0
GCA_016456805.1_00812	0	1	1	1	1	1	0
GCA_016456805.1_01534	1	1	1	0	1	1	1
GCA_016456815.1_00506	1	1	1	0	1	1	1
GCA_016456815.1_01171	0	1	1	1	1	1	0
GCA_016456845.1_00570	1	1	1	0	1	1	1
GCA_016456855.1_00992	0	1	1	1	1	1	0
GCA_016456855.1_01793	1	1	1	0	1	1	1
GCA_016456875.1_00729	1	1	1	0	1	1	1
GCA_016456875.1_01191	0	1	1	1	1	1	0
GCA_016456905.1_01291	0	1	1	1	1	1	0
GCA_016456915.1_01852	0	1	1	1	1	1	0
GCA_016456995.1_00264	1	1	1	0	1	1	1
GCA_016456995.1_01529	0	1	1	1	1	1	0
GCA_016457005.1_00938	1	1	1	0	1	1	1
GCA_016457045.1_02125	0	1	1	1	1	1	0
GCA_016457055.1_02416	1	1	1	0	1	1	1
GCA_016457125.1_01889	0	1	1	1	1	1	0
GCA_016457125.1_02370	1	1	1	0	1	1	1
GCA_016457155.1_02259	0	1	1	1	1	1	0
GCA_016457185.1_00975	0	1	1	1	1	1	0
GCA_016457185.1_01965	1	1	1	0	1	1	1
GCA_016457205.1_02105	0	1	1	1	1	1	0
GCA_017169525.1_01955	0	1	1	1	1	1	0
GCA_017169525.1_02603	1	1	1	0	1	1	1
GCA_017426745.1_01543	0	1	1	1	1	1	0
GCA_017426765.1_00598	1	1	1	0	1	1	1
GCA_017426785.1_00559	0	1	1	1	1	1	0
GCA_017426785.1_02221	1	1	1	0	1	1	1
GCA_017426905.1_00888	0	1	1	1	1	1	0
GCA_017426915.1_03518	1	1	1	0	1	1	1
GCA_017426965.1_02468	1	1	1	0	1	1	1
GCA_017426985.1_00001	0	1	1	1	1	1	0
GCA_017426985.1_02672	1	1	1	0	1	1	1
GCA_017814615.1_00419	0	1	1	1	1	1	0
GCA_018035165.1_02875	1	1	1	0	1	1	1
GCA_019048845.1_02137	0	1	1	1	1	1	0
GCA_019048845.1_03201	1	1	1	0	1	1	1
GCA_019092625.1_00088	0	1	1	1	1	1	0
GCA_019092625.1_00308	1	1	1	0	1	1	1
GCA_019092705.1_01522	1	1	1	0	1	1	1
GCA_019092805.1_01389	1	1	1	0	1	1	1
GCA_019092825.1_01518	0	1	1	1	1	1	0
GCA_019093035.1_01648	0	1	1	1	1	1	0
GCA_019093085.1_01450	1	1	1	0	1	1	1
GCA_019093085.1_01671	0	1	1	1	1	1	0
GCA_019093145.1_00403	1	1	1	0	1	1	1
GCA_019273635.1_01410	0	1	1	1	1	1	0
GCA_019273655.1_01403	0	1	1	1	1	1	0
GCA_019273655.1_02237	1	1	1	0	1	1	1
GCA_019350735.1_00925	0	1	1	1	1	1	0
GCA_019400765.1_00042	0	1	1	1	1	1	0
GCA_019400765.1_03524	1	1	1	0	1	1	1
GCA_019448125.1_02812	0	1	1	1	1	1	0
GCA_019458465.1_01054	0	1	1	1	1	1	0
GCA_019458465.1_02012	1	1	1	0	1	1	1
GCA_019780445.1_01757	0	1	1	1	1	1	0
GCA_019780645.1_00878	0	1	1	1	1	1	0
GCA_019780645.1_03150	1	1	1	0	1	1	1
GCA_019846205.1_03227	1	1	1	0	1	1	1
GCA_021014515.1_02890	0	1	1	1	1	1	0
GCA_021014515.1_02959	1	1	1	0	1	1	1
GCA_021014565.1_01472	0	1	1	1	1	1	0
GCA_021014585.1_02206	0	1	1	1	1	1	0
GCA_021014585.1_03415	1	1	1	0	1	1	1
GCA_021014605.1_02543	0	1	1	1	1	1	0
GCA_021014625.1_00839	0	1	1	1	1	1	0
GCA_021014625.1_03042	1	1	1	0	1	1	1
GCA_021014645.1_00560	1	1	1	0	1	1	1
GCA_021014705.1_02109	0	1	1	1	1	1	0
GCA_021014725.1_02927	1	1	1	0	1	1	1
GCA_021014845.1_03417	0	1	1	1	1	1	0
GCA_021014865.1_00087	1	1	1	0	1	1	1
GCA_021014875.1_00261	0	1	1	1	1	1	0
GCA_021014875.1_01193	1	1	1	0	1	1	1
GCA_021166915.1_01041	1	1	1	0	1	1	1
GCA_021166935.1_02020	0	1	1	1	1	1	0
GCA_021166935.1_02360	1	1	1	0	1	1	1
GCA_021166955.1_01493	1	1	1	0	1	1	1
GCA_021166975.1_02432	1	1	1	0	1	1	1
GCA_021167035.1_00978	1	1	1	0	1	1	1
GCA_021167035.1_02848	0	1	1	1	1	1	0
GCA_021228575.1_00470	1	1	1	0	1	1	1
GCA_021228575.1_01427	0	1	1	1	1	1	0
GCA_021431945.1_02031	0	1	1	1	1	1	0
GCA_022758165.1_02180	1	1	1	0	1	1	1
GCA_022758165.1_02498	0	1	1	1	1	1	0
GCA_023488285.1_01373	0	1	1	1	1	1	0
GCA_023488285.1_02472	1	1	1	0	1	1	1
GCA_024105835.1_02251	1	1	1	0	1	1	1
GCA_024105855.1_02204	1	1	1	0	1	1	1
GCA_024105875.1_01096	0	1	1	1	1	1	0
GCA_024105925.1_02705	1	1	1	0	1	1	1
GCA_024743495.1_00046	0	1	1	1	1	1	0
GCA_024743495.1_01301	1	1	1	0	1	1	1
GCA_024743535.1_00915	1	1	1	0	1	1	1
GCA_024743545.1_03166	1	1	1	0	1	1	1
GCA_024745295.1_02314	0	1	1	1	1	1	0
GCA_024745295.1_03252	1	1	1	0	1	1	1
GCA_024745935.1_02364	0	1	1	1	1	1	0
GCA_024746215.1_02137	0	1	1	1	1	1	0
GCA_024746925.1_01708	0	1	1	1	1	1	0
GCA_024748415.1_03212	1	1	1	0	1	1	1
GCA_900185995.1_01009	0	1	1	1	1	1	0
GCA_900185995.1_01837	1	1	1	0	1	1	1
GCA_900324435.1_01021	0	1	1	1	1	1	0
GCA_900538065.1_01582	0	1	1	1	1	1	0
GCA_900538065.1_01816	1	1	1	0	1	1	1
GCA_000153945.1_00496	0	1	0	0	0	0	0
GCA_000158115.1_01695	0.5	1	1	0	1	1	0.5
GCA_000174235.1_01479	0	1	1	0	1	1	0
GCA_000176135.1_02548	1	1	1	0	1	1	0.5
GCA_000176455.1_03193	0	1	1	0	0	0	0
GCA_000195475.2_02707	1	1	1	0	1	1	0.5
GCA_000217675.1_01296	0	1	1	1	1	1	0
GCA_000217675.1_02175	1	1	1	0	1	1	1
GCA_000221405.1_01526	0	1	1	0	1	1	0
GCA_000222145.1_01216	1	1	1	0	1	1	0.5
GCA_000222665.2_00543	0.5	1	1	0	1	1	0.5
GCA_000237625.2_02433	0	1	1	1	1	1	0
GCA_000237625.2_03127	1	1	1	0	1	0.5	0
GCA_000237745.2_01763	1	1	1	0	1	1	0
GCA_000237745.2_02961	0	1	1	1	0	0	0
GCA_000237745.2_02962	0	0	0	0	1	1	0
GCA_000257185.1_00383	1	1	1	0	1	1	0
GCA_000257185.1_01118	0	1	1	1	1	1	0
GCA_000257205.1_01922	1	1	1	0	1	1	0.5
GCA_000257205.1_01975	0	1	1	1	1	1	0
GCA_000272145.2_03430	0	1	1	0	1	1	1
GCA_000287075.2_02263	0	1	1	1	1	1	0
GCA_000287095.2_00003	0	1	1	1	1	1	0
GCA_000287095.2_01187	1	1	1	0	1	1	1
GCA_000287115.2_01950	0	0	1	0	1	1	1
GCA_000287115.2_03108	0	1	1	1	1	1	0
GCA_000287155.2_00731	0	1	1	1	1	1	0
GCA_000287155.2_02576	0	0	1	0	1	1	1
GCA_000303085.1_01664	0	1	1	0	1	0	0
GCA_000304995.1_01604	1	1	1	0	1	1	1
GCA_000461895.1_03264	1	1	1	0	1	1	0.5
GCA_000696385.1_00044	1	1	1	0	1	1	0
GCA_000735705.2_02948	1	0	0	0	0	0	0
GCA_000735705.2_02949	0	1	1	0	1	1	1
GCA_000737015.1_00468	0	1	1	0	1	1	0
GCA_000737015.1_00469	0	0.5	1	1	1	1	0
GCA_000740515.2_01620	0	1	1	1	1	1	0
GCA_000740515.2_02731	1	1	1	0	1	1	1
GCA_000740665.1_01628	1	1	1	0	1	1	0.5
GCA_000763535.1_03406	1	1	1	0	1	1	0.5
GCA_000772065.1_04658	1	1	1	0	1	1	0.5
GCA_000775715.1_00820	0.5	1	1	0	1	1	0.5
GCA_000775725.1_01215	0.5	1	1	0	1	1	0.5
GCA_000786335.1_02629	1	0.5	0	0	0	0	0
GCA_000786335.1_02630	0	0	1	0	1	1	1
GCA_000798995.1_02603	0	1	1	1	1	1	0
GCA_000808535.1_01588	0.5	1	1	0	1	1	0.5
GCA_000808555.1_01393	0.5	1	1	0	1	1	0.5
GCA_000953755.1_02535	1	0.5	0	0	0	0	0
GCA_000967465.2_04550	1	1	1	0	1	1	0.5
GCA_000967495.1_03837	1	1	1	0	1	1	0.5
GCA_001188205.1_03616	0.5	1	1	0	1	1	0.5
GCA_001250195.1_00018	1	1	1	0	1	1	1
GCA_001259555.1_00297	0	0	0	0	0.5	1	0
GCA_001259555.1_00298	0	1	1	1	0.5	0	0
GCA_001259875.1_03244	0.5	1	1	0	1	1	1
GCA_001267945.1_02207	0	1	1	0	1	1	0.5
GCA_001274785.1_01251	0.5	1	1	0	1	1	0.5
GCA_001297935.1_00122	1	1	1	0	1	1	0.5
GCA_001399455.2_02440	0.5	1	1	0	1	1	0.5
GCA_001402185.1_01961	0	1	1	0	1	1	0
GCA_001402255.1_02647	0	1	1	0	1	1	0
GCA_001402265.1_02392	0	1	1	0	1	1	0
GCA_001402685.1_01665	0	0.5	1	1	1	1	0
GCA_001402745.1_00367	1	1	1	0	1	0.5	0
GCA_001402745.1_00368	0	0	0	0	0	0.5	1
GCA_001402745.1_03666	0	1	1	0	1	1	0
GCA_001515085.1_02432	0	0	0	0	0	1	1
GCA_001515085.1_02433	1	1	1	0	0.5	0	0
GCA_001515115.1_02564	0.5	1	1	0	1	1	1
GCA_001543505.1_03276	1	0.5	0	0	0	0	0
GCA_001543505.1_03277	0	0	1	0	1	1	1
GCA_001558475.2_02755	0.5	1	1	0	1	1	1
GCA_001597715.2_01040	0	1	1	0	0	0	0
GCA_001597715.2_01041	0	0	0	1	1	1	0
GCA_001660505.2_02168	1	1	1	0	1	1	1
GCA_001660505.2_02299	0	1	1	1	1	1	0
GCA_001661905.2_03806	0.5	0.5	0	0	0	0	0
GCA_001661905.2_03807	0	0.5	1	0	1	1	1
GCA_001693615.1_03938	1	1	1	0	1	1	0.5
GCA_001718015.1_02131	1	1	1	0	1	1	1
GCA_001718095.1_00352	0	1	1	0	1	1	0
GCA_001857455.1_01228	0	1	1	0	1	1	0
GCA_001857485.1_02161	0	1	1	0	1	1	0
GCA_001858585.1_01480	0	0	0	0	0	0.5	1
GCA_001860485.1_01252	0	1	1	0	0	0	0
GCA_001860485.1_01253	0	0	0	0.5	1	1	0
GCA_001899465.1_02344	0	1	1	0	1	1	1
GCA_001989695.1_01168	0	1	1	1	1	1	0
GCA_001989855.2_01234	1	1	1	0	1	1	1
GCA_001989895.2_00968	1	1	1	0	1	1	1
GCA_001989895.2_01137	0	1	1	1	1	1	0
GCA_001989995.2_00173	0	1	1	1	1	1	0
GCA_001989995.2_02911	1	1	1	0	1	1	1
GCA_001990105.2_02377	0	1	1	1	1	1	0
GCA_001997225.1_01165	0	1	1	1	1	1	0
GCA_002073995.1_04199	0	0	0	0	1	1	0.5
GCA_002073995.1_04200	1	1	0.5	0	0	0	0
GCA_002078035.1_02859	1	1	1	0	1	1	0
GCA_002194335.1_00324	0	0	0	0	1	1	1
GCA_002194335.1_00325	1	1	0.5	0	0	0	0
GCA_002196155.1_02842	1	1	0.5	0	0	0	0
GCA_002196325.1_04477	0	0	1	0	1	1	0
GCA_002196325.1_04479	1	0.5	0	0	0	0	0
GCA_002196325.1_05535	0	0	1	1	1	0.5	0
GCA_002196325.1_05536	0	0.5	0	0	0	0	0
GCA_002196395.1_02061	0	0	1	0	1	1	1
GCA_002204075.1_01110	0	1	1	1	1	1	0
GCA_002204085.1_02720	0	1	1	0	1	1	1
GCA_002211985.1_00911	1	1	1	0	1	1	1
GCA_002212005.1_00830	1	1	1	0	1	1	1
GCA_002212005.1_01614	0	1	1	1	1	1	0
GCA_002216685.1_01732	0	1	1	0	1	1	1
GCA_002241075.1_00462	0	1	1	1	1	1	0
GCA_002241085.1_01682	0	1	1	1	1	1	0
GCA_002241165.1_01821	1	1	1	0	1	1	1
GCA_002241165.1_01943	0	1	1	1	1	1	0
GCA_002241195.1_02096	0	1	1	1	1	1	0
GCA_002241235.1_00191	1	1	1	0	1	1	1
GCA_002241235.1_02129	0	1	1	1	1	1	0
GCA_002241265.1_01514	1	1	1	0	1	1	1
GCA_002241265.1_01753	0	1	1	1	1	1	0
GCA_002241275.1_01405	0	1	1	1	1	1	0
GCA_002241335.1_03357	0	1	1	1	1	1	0
GCA_002241375.1_00605	0	1	1	1	1	1	0
GCA_002241375.1_01267	1	1	1	0	1	1	1
GCA_002257545.1_00935	0	1	1	1	1	1	0
GCA_002284125.1_00765	0	0.5	1	1	1	1	0
GCA_002284155.1_01647	0	1	1	0	1	1	0
GCA_002284205.1_02264	0	1	1	0	1	1	0
GCA_002284395.1_01287	0	1	1	0	1	1	0
GCA_002284475.1_03111	0	1	1	0	1	1	0
GCA_002284495.1_01762	0	1	1	0	1	1	0
GCA_002286405.1_01134	1	1	1	0	1	1	0.5
GCA_002286655.1_04655	1	1	1	0	1	1	0.5
GCA_002287625.1_02609	1	1	1	0	1	1	0.5
GCA_002310335.1_00989	1	1	1	0	1	1	1
GCA_002310335.1_01114	0	1	1	1	1	1	0
GCA_002742585.1_02936	1	1	1	0	1	1	0.5
GCA_002911455.1_01168	0	1	1	0	1	1	1
GCA_002911455.1_01169	1	0	0	0	0	0	0
GCA_002995435.1_03057	0	1	1	1	1	1	0
GCA_003056705.1_02310	1	1	0	0	0	0	0
GCA_003056705.1_02311	0	0	1	0	1	1	1
GCA_003057015.1_02893	1	1	0.5	0	0	0	0
GCA_003057015.1_02894	0	0	0	0	1	1	1
GCA_003260135.1_01089	0	1	1	0	1	1	0
GCA_003311755.1_03548	0	1	1	0	1	1	1
GCA_003311805.1_00721	0	1	1	0	1	1	1
GCA_003311965.1_02916	0	1	1	0	1	1	0
GCA_003311975.1_00209	0	1	1	0	1	1	0
GCA_003312005.1_00821	0	1	1	0	1	1	0
GCA_003312065.1_01628	0	1	1	0	1	1	0
GCA_003312095.1_01402	0	1	1	0	1	1	0
GCA_003318175.1_01734	0	1	1	0	1	1	1
GCA_003347725.1_02944	0	1	1	0	1	1	0
GCA_003347835.1_01569	0	1	1	0	1	1	0
GCA_003347905.1_02629	0	1	1	0	1	1	0
GCA_003347915.1_01708	0.5	1	1	0	1	1	1
GCA_003348095.1_01215	0	1	1	0	1	1	0
GCA_003348235.1_01668	0	1	1	0	1	1	0
GCA_003348415.1_01938	0	1	1	0	1	1	0
GCA_003348735.1_03111	0	1	1	0	1	1	0
GCA_003348755.1_03144	0	1	1	0	1	1	0
GCA_003349155.1_00957	0	1	1	0	1	1	1
GCA_003349155.1_02036	0	1	1	0	1	1	0
GCA_003349215.1_01115	0	0	0.5	1	1	1	0
GCA_003349215.1_02252	0	1	1	0	1	1	1
GCA_003349265.1_01523	0	0	1	0	1	1	1
GCA_003349495.1_00900	0	1	1	0	1	1	0
GCA_003349525.1_01265	0	1	1	0	1	1	0
GCA_003349685.1_00376	0	0.5	1	1	1	1	0
GCA_003349725.1_02317	0	0	1	0	1	1	1
GCA_003449075.1_03221	0	0	1	0	1	1	1
GCA_003449075.1_03344	1	1	0	0	0	0	0
GCA_003585385.1_02177	0	1	1	0	1	1	0
GCA_003585385.1_02929	1	1	1	0	1	1	1
GCA_003585535.1_03069	0	1	1	1	0	0	0
GCA_003585535.1_03070	0	0	0	0	1	1	0
GCA_003594945.1_02115	0	1	1	0	1	1	0
GCA_003595585.1_01830	0	1	1	1	1	1	0
GCA_003709525.1_03040	0	1	1	1	1	1	0
GCA_003716425.1_01353	0	1	1	0	1	1	0
GCA_003716465.1_00383	0	1	1	0	1	1	0
GCA_003716505.1_00966	0	1	1	0	1	1	0
GCA_004801035.1_02608	1	1	0.5	0	0	0	0
GCA_005146325.1_00879	0	1	1	0	1	1	1
GCA_005636015.1_02252	0	1	1	1	1	1	0
GCA_005636015.1_03120	0.5	1	1	0	1	1	1
GCA_005636045.1_00423	0	1	1	1	1	0	0
GCA_005636045.1_00424	0	1	1	0	1	1	0
GCA_005636065.1_03533	0	1	1	1	1	1	0
GCA_005636115.1_00424	0	1	1	0	1	1	0
GCA_005636125.1_00423	0	1	1	1	1	0	0
GCA_005636125.1_00424	0	1	1	0	1	1	0
GCA_005636155.1_00585	0	1	1	1	1	0	0
GCA_005636165.1_00593	0	1	1	0	1	1	0
GCA_005636165.1_00594	0	1	1	1	1	0	0
GCA_006802145.1_02374	0	1	1	0	1	1	0
GCA_006802245.1_01959	0	1	1	1	1	0.5	0
GCA_006802245.1_01960	0	1	1	0	1	1	0
GCA_006802295.1_02347	0	1	1	0	1	1	0
GCA_006802375.1_03475	0	1	1	0	1	1	0
GCA_006802395.1_02698	0	1	1	0	1	1	0
GCA_006802485.1_02090	0	1	1	0	1	1	0
GCA_006802575.1_00540	0	1	1	0	1	1	0
GCA_006802595.1_03181	0	1	1	0	1	1	0
GCA_006802655.1_01770	0	1	1	0	1	1	0
GCA_006802795.1_01782	0	1	1	0	1	1	0
GCA_006802815.1_01741	0	1	1	0	1	1	0
GCA_006803025.1_02974	0	1	1	0	1	1	0
GCA_006803035.1_01904	0	1	1	0	1	1	0
GCA_006803105.1_00685	0	1	1	0	1	1	0
GCA_008083255.1_00980	0	0.5	1	0	1	1	0
GCA_008083415.1_00790	0	1	1	0	1	1	0
GCA_008083715.1_02408	0	1	1	0	1	1	0
GCA_008083875.1_01970	0	1	1	0	1	1	0
GCA_008084635.1_02757	0	1	1	0	1	1	1
GCA_008084635.1_02758	1	0	0	0	0	0	0
GCA_008084855.1_00316	0	1	1	0	1	1	0
GCA_008085635.1_01380	0	1	1	0	1	0	0
GCA_008269365.1_02619	1	1	0.5	0	0	0	0
GCA_008269365.1_02620	0	0	0	0	1	1	1
GCA_008369465.1_00288	0	1	1	0	1	1	0
GCA_008370545.1_02652	0	0	0	0	1	1	1
GCA_009665255.1_00824	0	1	1	1	1	1	0
GCA_009763105.1_02891	0	0	0	0	1	1	1
GCA_009763105.1_02892	1	1	0.5	0	0	0	0
GCA_009763865.1_00759	0	1	1	0	1	1	1
GCA_009811315.1_01086	0.5	1	1	0	1	1	0.5
GCA_009811335.1_01978	0.5	1	1	0	1	1	0.5
GCA_009898195.1_01523	0	1	1	0	1	1	0
GCA_009904995.1_00041	1	1	1	0	1	1	1
GCA_011090235.1_00612	0	1	1	0	1	1	0.5
GCA_011212705.1_03717	1	1	1	0	1	1	0.5
GCA_011306175.1_02119	0	1	1	1	1	1	0
GCA_011806575.1_03137	0.5	1	1	0	1	1	0.5
GCA_013048585.1_00629	0	1	1	1	1	1	0
GCA_013048585.1_01736	1	1	1	0	1	1	1
GCA_013048635.1_00106	1	1	1	0	1	1	1
GCA_013048725.1_02557	0	1	1	1	1	1	0
GCA_013048735.1_02784	0	1	1	1	1	1	0
GCA_013111195.1_02871	0	1	1	1	1	0.5	0
GCA_013113815.1_00923	1	1	1	0	1	1	0.5
GCA_013113825.1_01597	0	1	1	1	1	1	0
GCA_013113835.1_02801	1	1	1	0	1	1	0.5
GCA_013113905.1_02887	1	1	1	0	1	1	0.5
GCA_013114105.1_01083	0.5	1	1	0	1	1	0.5
GCA_013114135.1_01105	0	1	1	0	1	1	1
GCA_013114385.1_04579	1	1	1	0	1	1	0.5
GCA_013114685.1_00902	1	1	1	0	1	1	0.5
GCA_013155105.1_06224	0	0	0	0	1	1	0
GCA_013214045.1_04243	1	1	1	0	1	1	0.5
GCA_013266555.1_03298	1	1	1	0	1	1	0.5
GCA_013266565.1_01203	1	1	1	0	1	1	0.5
GCA_013266605.1_02830	1	1	1	0	1	1	0.5
GCA_013266615.1_03714	1	1	1	0	1	1	0.5
GCA_013357725.1_00975	0	1	1	0	1	1	0
GCA_013357745.1_00979	0	1	1	0	1	1	0
GCA_013357765.1_00973	0	1	1	0	1	1	0
GCA_013357785.1_00976	0	1	1	0	1	1	0
GCA_013357825.1_01004	0	1	1	0	1	1	0
GCA_013364385.1_04452	1	1	1	0	1	1	0.5
GCA_013373305.1_01077	0	0	0	0	1	1	0.5
GCA_014281135.1_01151	0	1	1	0	1	1	0
GCA_014634265.1_01556	1	1	1	0	0	0	0
GCA_014634265.1_01557	0	0	0	0	1	1	1
GCA_014634385.1_02641	0	0.5	1	1	1	1	0
GCA_015342905.1_00711	1	1	1	0	1	1	1
GCA_015342905.1_03902	0	1	1	1	1	1	0
GCA_015343015.1_00016	1	1	1	0	1	1	1
GCA_015343015.1_02059	0	1	1	1	1	1	0
GCA_015343425.1_01588	0	1	1	1	1	1	0
GCA_016456845.1_01255	0	1	1	0	1	1	0
GCA_016456905.1_01290	0	1	1	0	1	1	0
GCA_016456915.1_01851	0	1	1	0	1	1	0
GCA_016456925.1_01084	0	1	1	0	1	1	0
GCA_016457045.1_02124	0	1	1	0	1	1	0
GCA_016457205.1_02106	0	1	1	0	1	1	0
GCA_017051655.1_00778	1	1	1	0	1	1	0.5
GCA_017051755.1_00292	1	1	1	0	1	1	0.5
GCA_017169515.1_00973	0	1	1	0	1	1	0
GCA_017169525.1_01956	0	1	1	0	1	1	0
GCA_017169545.1_00483	0	1	1	0	1	0.5	0
GCA_017426745.1_02728	0	0	0	0	0	0.5	1
GCA_017426905.1_00889	0	1	1	0	1	1	0
GCA_019092625.1_00089	0	1	1	0	1	1	0
GCA_019092705.1_01747	0	1	1	0	1	1	0
GCA_019092825.1_01519	0	1	1	0	1	1	0
GCA_019092945.1_00405	0	1	1	0	1	1	0
GCA_019093035.1_01647	0	1	1	0	1	1	0
GCA_019093085.1_01670	0	1	1	0	1	1	0
GCA_019339365.1_04096	0	0	0	0	1	1	0.5
GCA_019339365.1_04097	1	1	0.5	0	0	0	0
GCA_019504425.1_01789	0	1	1	0	1	1	1
GCA_019846205.1_01589	0	1	1	1	1	1	0
GCA_020686745.1_02258	1	1	1	0	1	1	0.5
GCA_020782075.1_00456	1	1	1	0	1	1	0
GCA_021014515.1_02891	0	1	1	0	1	1	0
GCA_021014645.1_01127	0	1	1	0	1	1	0
GCA_021014825.1_00377	0	1	1	0	1	1	0
GCA_021166895.1_02801	0	1	1	0	1	1	0
GCA_021166915.1_02497	0	1	1	0	1	1	0
GCA_021166975.1_00918	0	1	1	0	1	1	0
GCA_022397495.1_02186	0.5	1	1	0	1	1	0.5
GCA_022397595.1_00184	0.5	1	1	0	1	1	0.5
GCA_022398025.1_00245	1	1	1	0	1	1	0.5
GCA_022398095.1_00483	1	1	1	0	1	1	0.5
GCA_022398215.1_00986	1	1	1	0	1	1	0.5
GCA_023716545.1_04240	1	1	1	0	1	1	0.5
GCA_023955485.1_01098	0	0.5	1	0	1	1	1
GCA_023955485.1_01099	1	0.5	0	0	0	0	0
GCA_024105975.1_03058	0	1	1	0	1	1	0
GCA_024106015.1_02375	0	1	1	0	1	1	0
GCA_024347395.1_02036	0	1	1	0	1	1	1
GCA_024743535.1_02281	0	1	1	0	1	1	0
GCA_024743545.1_00251	0	1	1	0	1	1	0
GCA_024743775.1_00819	1	1	1	0	1	1	1
GCA_024745065.1_01023	0	1	1	0	1	1	0
GCA_024746925.1_01709	0	1	1	0	1	1	0
GCA_024748415.1_01282	0	1	1	1	1	1	0
GCA_900538065.1_01583	0	1	1	0	1	1	0
GCA_902810005.1_00561	0	1	1	0	1	1	0
GCA_944738745.1_00209	0	1	1	0	1	1	0.5
GCA_944739605.1_00285	0	1	1	0	1	1	0.5
