GCA_000006745.1_00928	0	empty
GCA_000006745.1_01844	171	full
GCA_000016245.1_00444	0	empty
GCA_000021605.1_00886	0	empty
GCA_000152445.1_01115	0	empty
GCA_000152445.1_03514	171	full
GCA_000152465.2_00878	171	full
GCA_000152465.2_01590	0	empty
GCA_000153785.3_00635	171	full
GCA_000153785.3_02529	0	empty
GCA_000153945.1_02894	0	empty
GCA_000153985.3_01192	171	full
GCA_000153985.3_02028	0	empty
GCA_000154005.2_00291	171	full
GCA_000154005.2_01223	0	empty
GCA_000167935.2_01666	171	full
GCA_000167935.2_02305	0	empty
GCA_000168895.2_01199	171	full
GCA_000168895.2_01860	0	empty
GCA_000168935.3_00023	0	empty
GCA_000168935.3_00991	171	full
GCA_000174115.1_00905	171	full
GCA_000174115.1_01792	0	empty
GCA_000174235.1_01478	171	full
GCA_000174235.1_03233	0	empty
GCA_000174255.1_00122	0	empty
GCA_000174255.1_03235	171	full
GCA_000174295.1_00980	171	full
GCA_000174295.1_02850	0	empty
GCA_000175975.1_02289	0	empty
GCA_000175995.1_01870	0	empty
GCA_000176215.1_01129	0	empty
GCA_000176215.1_02817	171	full
GCA_000176375.1_03029	0	empty
GCA_000176415.1_00173	0	empty
GCA_000176455.1_01742	0	empty
GCA_000176715.1_00530	171	full
GCA_000176715.1_02879	0	empty
GCA_000195065.1_00887	0	empty
GCA_000195065.1_01808	171	full
GCA_000220765.2_00551	0	empty
GCA_000220765.2_01431	171	full
GCA_000220785.2_00641	171	full
GCA_000220785.2_01760	0	empty
GCA_000221405.1_01406	0	empty
GCA_000221445.1_01043	0	empty
GCA_000221445.1_02041	171	full
GCA_000221465.1_01659	0	empty
GCA_000279265.1_01859	0	empty
GCA_000279285.1_01086	0	empty
GCA_000279345.1_01906	0	empty
GCA_000279435.1_00976	0	empty
GCA_000287135.2_01818	0	empty
GCA_000299495.2_00915	171	full
GCA_000299495.2_02031	0	empty
GCA_000302965.1_01340	0	empty
GCA_000302965.1_02653	171	full
GCA_000303085.1_01663	171	full
GCA_000303085.1_01890	0	empty
GCA_000304915.2_01111	0	empty
GCA_000304915.2_02336	171	full
GCA_000305625.2_01866	0	empty
GCA_000318075.1_01297	171	full
GCA_000318075.1_01322	0	empty
GCA_000338215.2_01550	171	full
GCA_000338875.1_03705	0	empty
GCA_000348085.2_02571	171	full
GCA_000348345.2_00574	0	empty
GCA_000348345.2_01494	171	full
GCA_000348425.2_00798	0	empty
GCA_000348425.2_02223	171	full
GCA_000387585.1_00574	171	full
GCA_000387585.1_02299	0	empty
GCA_000473785.1_00871	0	empty
GCA_000518145.1_02808	0	empty
GCA_000696385.1_01425	171	full
GCA_000710155.1_00900	0	empty
GCA_000736765.1_00388	171	full
GCA_000736765.1_02450	0	empty
GCA_000736775.1_02995	0	empty
GCA_000736785.1_01718	0	empty
GCA_000736785.1_02090	171	full
GCA_000736795.1_00396	171	full
GCA_000736795.1_01650	0	empty
GCA_000736855.1_01303	0	empty
GCA_000736875.1_03282	0	empty
GCA_000736935.1_01489	171	full
GCA_000736935.1_02682	0	empty
GCA_000736945.1_00717	171	full
GCA_000737025.1_00016	0	empty
GCA_000737025.1_00672	171	full
GCA_000753725.1_01252	171	full
GCA_000763075.1_00485	171	full
GCA_000788495.1_00804	0	empty
GCA_000788495.1_03178	171	full
GCA_000788515.1_00604	171	full
GCA_000788515.1_02193	0	empty
GCA_000788675.1_03522	0	empty
GCA_000788715.2_02335	171	full
GCA_000788755.1_02341	0	empty
GCA_000798995.1_01537	0	empty
GCA_000812045.1_01688	171	full
GCA_000812045.1_03584	0	empty
GCA_000953785.1_01388	171	full
GCA_000969235.1_00980	171	full
GCA_000969235.1_02808	0	empty
GCA_000969265.1_01623	0	empty
GCA_000969265.1_02533	171	full
GCA_001027485.1_00489	0	empty
GCA_001030035.1_01146	0	empty
GCA_001250935.1_00545	0	empty
GCA_001254055.1_00731	0	empty
GCA_001254095.1_00574	171	full
GCA_001254095.1_01778	0	empty
GCA_001254335.1_00056	0	empty
GCA_001257035.1_03447	0	empty
GCA_001257255.1_00439	0	empty
GCA_001292745.1_03411	171	full
GCA_001292785.1_03636	171	full
GCA_001402155.1_00119	171	full
GCA_001402155.1_03713	0	empty
GCA_001402165.1_01685	171	full
GCA_001402165.1_02461	0	empty
GCA_001402175.1_01232	171	full
GCA_001402175.1_03451	0	empty
GCA_001402185.1_01341	0	empty
GCA_001402185.1_01962	171	full
GCA_001402255.1_01741	0	empty
GCA_001402255.1_02646	171	full
GCA_001402265.1_02393	171	full
GCA_001402285.1_01865	0	empty
GCA_001402285.1_03313	171	full
GCA_001402345.1_01875	0	empty
GCA_001402345.1_02731	171	full
GCA_001402425.1_02718	0	empty
GCA_001402495.1_00300	171	full
GCA_001402495.1_01101	0	empty
GCA_001402515.1_00657	171	full
GCA_001402515.1_03102	0	empty
GCA_001402675.1_00018	0	empty
GCA_001402675.1_01303	171	full
GCA_001402685.1_01983	0	empty
GCA_001402745.1_03665	171	full
GCA_001515115.1_01479	171	full
GCA_001515165.1_02346	0	empty
GCA_001515165.1_02535	171	full
GCA_001543505.1_02196	171	full
GCA_001617665.1_00281	171	full
GCA_001637555.1_00329	171	full
GCA_001718095.1_00351	171	full
GCA_001718095.1_03010	0	empty
GCA_001718105.1_00520	171	full
GCA_001718105.1_03186	0	empty
GCA_001729195.1_02821	0	empty
GCA_001735565.1_00888	0	empty
GCA_001743085.1_01092	171	full
GCA_001743085.1_01832	0	empty
GCA_001767355.1_02086	0	empty
GCA_001857155.1_02348	171	full
GCA_001857155.1_02505	0	empty
GCA_001857455.1_01227	171	full
GCA_001857455.1_01453	0	empty
GCA_001857485.1_01777	0	empty
GCA_001857485.1_02160	171	full
GCA_001857515.1_01010	0	empty
GCA_001857515.1_01478	171	full
GCA_001989695.1_01945	0	empty
GCA_002097735.1_00305	0	empty
GCA_002097735.1_01303	171	full
GCA_002097755.1_02084	171	full
GCA_002114205.1_02694	0	empty
GCA_002196055.1_02419	171	full
GCA_002196165.1_01803	171	full
GCA_002196165.1_02702	0	empty
GCA_002196305.1_01205	0	empty
GCA_002196375.1_01582	171	full
GCA_002196375.1_02411	0	empty
GCA_002196395.1_02963	171	full
GCA_002212025.1_00954	0	empty
GCA_002216685.1_00817	171	full
GCA_002241075.1_02606	0	empty
GCA_002241195.1_00530	0	empty
GCA_002241275.1_00626	0	empty
GCA_002241335.1_01876	0	empty
GCA_002251495.1_01052	171	full
GCA_002257545.1_00778	0	empty
GCA_002283805.1_00770	171	full
GCA_002283805.1_01989	0	empty
GCA_002283835.1_00530	0	empty
GCA_002283835.1_03149	171	full
GCA_002283845.1_02763	0	empty
GCA_002283845.1_02959	171	full
GCA_002283905.1_00019	0	empty
GCA_002283905.1_03282	171	full
GCA_002283955.1_01663	171	full
GCA_002284025.1_01184	171	full
GCA_002284025.1_03316	0	empty
GCA_002284125.1_01494	0	empty
GCA_002284155.1_01646	171	full
GCA_002284155.1_02586	0	empty
GCA_002284185.1_00828	171	full
GCA_002284185.1_02719	0	empty
GCA_002284205.1_00481	0	empty
GCA_002284235.1_02089	171	full
GCA_002284235.1_03387	0	empty
GCA_002284255.1_00301	0	empty
GCA_002284255.1_01121	171	full
GCA_002284325.1_01193	171	full
GCA_002284325.1_02544	0	empty
GCA_002284395.1_01286	171	full
GCA_002284395.1_02924	0	empty
GCA_002284425.1_01988	0	empty
GCA_002284425.1_02544	171	full
GCA_002284455.1_01207	0	empty
GCA_002284475.1_01744	0	empty
GCA_002284475.1_03110	171	full
GCA_002284495.1_01761	171	full
GCA_002313025.1_00994	171	full
GCA_002843255.1_03257	0	empty
GCA_002890525.1_00254	0	empty
GCA_002890525.1_01186	171	full
GCA_002995435.1_03119	0	empty
GCA_003056995.1_02866	0	empty
GCA_003057015.1_01167	171	full
GCA_003057035.1_02433	171	full
GCA_003057035.1_02547	0	empty
GCA_003057775.1_00836	0	empty
GCA_003057775.1_01093	171	full
GCA_003063885.1_01903	0	empty
GCA_003096135.1_01506	171	full
GCA_003096135.1_02678	0	empty
GCA_003260135.1_01090	171	full
GCA_003311755.1_02468	171	full
GCA_003311805.1_00512	171	full
GCA_003311815.1_01093	171	full
GCA_003311825.1_03306	171	full
GCA_003311865.1_01611	171	full
GCA_003311885.1_03196	171	full
GCA_003311895.1_03194	171	full
GCA_003311905.1_02808	171	full
GCA_003311945.1_00925	171	full
GCA_003311965.1_02662	0	empty
GCA_003312005.1_00822	171	full
GCA_003312005.1_02055	0	empty
GCA_003312015.1_01893	0	empty
GCA_003312065.1_00097	0	empty
GCA_003312065.1_01629	171	full
GCA_003312085.1_01819	171	full
GCA_003312085.1_03307	0	empty
GCA_003312095.1_01403	171	full
GCA_003312095.1_02032	0	empty
GCA_003312945.1_00292	0	empty
GCA_003347715.1_00465	171	full
GCA_003347725.1_00951	0	empty
GCA_003347725.1_02945	171	full
GCA_003347755.1_00997	0	empty
GCA_003347775.1_00797	0	empty
GCA_003347815.1_00690	0	empty
GCA_003347815.1_02027	171	full
GCA_003347855.1_01608	0	empty
GCA_003347905.1_02630	171	full
GCA_003347915.1_01322	171	full
GCA_003347935.1_00259	171	full
GCA_003348015.1_00206	171	full
GCA_003348015.1_01570	0	empty
GCA_003348055.1_00266	0	empty
GCA_003348065.1_01208	171	full
GCA_003348065.1_03402	0	empty
GCA_003348095.1_00691	0	empty
GCA_003348095.1_01214	171	full
GCA_003348195.1_00283	171	full
GCA_003348195.1_01912	0	empty
GCA_003348235.1_01669	171	full
GCA_003348235.1_01974	0	empty
GCA_003348305.1_02556	0	empty
GCA_003348415.1_01939	171	full
GCA_003348415.1_02348	0	empty
GCA_003348545.1_00546	171	full
GCA_003348545.1_01528	0	empty
GCA_003348655.1_01492	171	full
GCA_003348655.1_01791	0	empty
GCA_003348735.1_00017	0	empty
GCA_003348735.1_03112	171	full
GCA_003348755.1_03145	171	full
GCA_003348815.1_02076	0	empty
GCA_003348885.1_00313	171	full
GCA_003348985.1_00112	171	full
GCA_003348985.1_00622	0	empty
GCA_003349055.1_03336	171	full
GCA_003349495.1_00901	171	full
GCA_003349525.1_01856	0	empty
GCA_003349575.1_01900	0	empty
GCA_003349575.1_02367	171	full
GCA_003449075.1_00716	171	full
GCA_003449135.1_02885	171	full
GCA_003585365.1_00386	171	full
GCA_003585365.1_01113	0	empty
GCA_003585385.1_02178	171	full
GCA_003585465.1_00644	171	full
GCA_003585465.1_02931	0	empty
GCA_003585485.1_00946	0	empty
GCA_003585505.1_01452	171	full
GCA_003585505.1_02987	0	empty
GCA_003585535.1_03330	0	empty
GCA_003585545.1_00600	0	empty
GCA_003585545.1_02091	171	full
GCA_003591575.1_01010	171	full
GCA_003591575.1_01910	0	empty
GCA_003594505.1_02853	0	empty
GCA_003594505.1_03154	171	full
GCA_003594515.1_00014	171	full
GCA_003594515.1_01191	0	empty
GCA_003594535.1_00287	171	full
GCA_003594535.1_01090	0	empty
GCA_003594945.1_01149	0	empty
GCA_003594945.1_02114	171	full
GCA_003595585.1_01035	0	empty
GCA_003716365.1_01319	171	full
GCA_003716365.1_02452	0	empty
GCA_003716375.1_00795	171	full
GCA_003716375.1_02734	0	empty
GCA_003716425.1_01127	0	empty
GCA_003716425.1_01354	171	full
GCA_003716435.1_00871	0	empty
GCA_003716465.1_00382	171	full
GCA_003716465.1_02186	0	empty
GCA_003716505.1_00093	0	empty
GCA_003716505.1_00965	171	full
GCA_003716515.1_00743	0	empty
GCA_003716515.1_01641	171	full
GCA_004117115.1_01089	171	full
GCA_004121775.1_00265	0	empty
GCA_004801065.1_02413	0	empty
GCA_005636045.1_03555	0	empty
GCA_005636065.1_02573	0	empty
GCA_006802045.1_01992	171	full
GCA_006802045.1_03441	0	empty
GCA_006802075.1_01853	0	empty
GCA_006802075.1_02514	171	full
GCA_006802145.1_02375	171	full
GCA_006802145.1_02961	0	empty
GCA_006802155.1_02220	171	full
GCA_006802165.1_00374	0	empty
GCA_006802195.1_01671	0	empty
GCA_006802205.1_01161	171	full
GCA_006802205.1_01694	0	empty
GCA_006802255.1_01303	0	empty
GCA_006802255.1_01926	171	full
GCA_006802295.1_02348	171	full
GCA_006802345.1_01111	0	empty
GCA_006802365.1_02315	0	empty
GCA_006802365.1_02551	171	full
GCA_006802375.1_02966	0	empty
GCA_006802375.1_03474	171	full
GCA_006802395.1_00007	0	empty
GCA_006802395.1_02699	171	full
GCA_006802445.1_02317	0	empty
GCA_006802475.1_01253	0	empty
GCA_006802475.1_02757	171	full
GCA_006802485.1_01941	0	empty
GCA_006802485.1_02089	171	full
GCA_006802495.1_01885	0	empty
GCA_006802545.1_02851	0	empty
GCA_006802575.1_00539	171	full
GCA_006802595.1_00777	0	empty
GCA_006802595.1_03182	171	full
GCA_006802605.1_00137	0	empty
GCA_006802605.1_00348	171	full
GCA_006802655.1_00177	0	empty
GCA_006802655.1_01769	171	full
GCA_006802685.1_00456	171	full
GCA_006802695.1_01119	0	empty
GCA_006802705.1_01424	171	full
GCA_006802735.1_02306	0	empty
GCA_006802795.1_01783	171	full
GCA_006802795.1_02771	0	empty
GCA_006802815.1_01742	171	full
GCA_006802815.1_03493	0	empty
GCA_006802865.1_01219	171	full
GCA_006802865.1_01333	0	empty
GCA_006802905.1_00461	0	empty
GCA_006802905.1_01874	171	full
GCA_006802915.1_00991	0	empty
GCA_006802925.1_00784	171	full
GCA_006802925.1_01404	0	empty
GCA_006802935.1_02098	0	empty
GCA_006802945.1_00401	0	empty
GCA_006803025.1_01857	0	empty
GCA_006803025.1_02975	171	full
GCA_006803035.1_01905	171	full
GCA_006803035.1_02947	0	empty
GCA_006803105.1_00686	171	full
GCA_006803105.1_03444	0	empty
GCA_006803115.1_00573	0	empty
GCA_006803125.1_02695	171	full
GCA_006803125.1_03658	0	empty
GCA_006803135.1_01706	0	empty
GCA_007623975.1_01778	0	empty
GCA_007624435.1_02231	0	empty
GCA_007624435.1_02443	171	full
GCA_008083215.1_00649	171	full
GCA_008083245.1_00495	171	full
GCA_008083315.1_00020	171	full
GCA_008083335.1_01852	0	empty
GCA_008083335.1_02720	171	full
GCA_008083355.1_00918	0	empty
GCA_008083365.1_01642	0	empty
GCA_008083365.1_03177	171	full
GCA_008083415.1_00791	171	full
GCA_008083415.1_01538	0	empty
GCA_008083425.1_02493	171	full
GCA_008083445.1_01202	0	empty
GCA_008083445.1_02949	171	full
GCA_008083465.1_00155	0	empty
GCA_008083535.1_00313	0	empty
GCA_008083545.1_01383	171	full
GCA_008083575.1_00518	171	full
GCA_008083575.1_01527	0	empty
GCA_008083615.1_00241	0	empty
GCA_008083635.1_01682	0	empty
GCA_008083635.1_02872	171	full
GCA_008083665.1_02742	171	full
GCA_008083715.1_01557	0	empty
GCA_008083755.1_00568	0	empty
GCA_008083775.1_03181	0	empty
GCA_008083785.1_00337	0	empty
GCA_008083785.1_01600	171	full
GCA_008083855.1_01192	0	empty
GCA_008083855.1_01419	171	full
GCA_008083865.1_01011	171	full
GCA_008083875.1_01971	171	full
GCA_008083915.1_02339	0	empty
GCA_008083925.1_01913	0	empty
GCA_008083955.1_02250	171	full
GCA_008083965.1_03765	0	empty
GCA_008083975.1_01937	0	empty
GCA_008083975.1_03080	171	full
GCA_008083995.1_01972	0	empty
GCA_008084025.1_00268	171	full
GCA_008084025.1_01965	0	empty
GCA_008084055.1_01716	171	full
GCA_008084055.1_02216	0	empty
GCA_008084295.1_01170	171	full
GCA_008084305.1_02634	0	empty
GCA_008084315.1_00932	0	empty
GCA_008084325.1_03298	0	empty
GCA_008084395.1_01724	171	full
GCA_008084405.1_02157	0	empty
GCA_008084425.1_01256	171	full
GCA_008084425.1_02514	0	empty
GCA_008084505.1_02818	0	empty
GCA_008084525.1_00941	171	full
GCA_008084525.1_03062	0	empty
GCA_008084545.1_02730	171	full
GCA_008084565.1_01748	0	empty
GCA_008084565.1_02721	171	full
GCA_008084605.1_00427	171	full
GCA_008084605.1_03212	0	empty
GCA_008084645.1_00756	0	empty
GCA_008084645.1_03335	171	full
GCA_008084655.1_00969	171	full
GCA_008084655.1_02931	0	empty
GCA_008084705.1_00091	171	full
GCA_008084705.1_01070	0	empty
GCA_008084745.1_02072	0	empty
GCA_008084755.1_00544	0	empty
GCA_008084755.1_01626	171	full
GCA_008084795.1_01311	171	full
GCA_008084815.1_01933	171	full
GCA_008084825.1_01978	0	empty
GCA_008084835.1_00011	0	empty
GCA_008084855.1_00315	171	full
GCA_008084855.1_02829	0	empty
GCA_008085465.1_02457	0	empty
GCA_008085465.1_02696	171	full
GCA_008085535.1_01423	0	empty
GCA_008085535.1_02177	171	full
GCA_008085575.1_02641	171	full
GCA_008085575.1_02902	0	empty
GCA_008085585.1_00136	171	full
GCA_008085625.1_01423	171	full
GCA_008085625.1_02880	0	empty
GCA_008085635.1_01381	171	full
GCA_008085635.1_01831	0	empty
GCA_008269345.1_00573	171	full
GCA_008269345.1_01341	0	empty
GCA_008269455.1_01946	0	empty
GCA_008369465.1_00289	171	full
GCA_008369465.1_02016	0	empty
GCA_008369605.1_00936	171	full
GCA_008369605.1_01830	0	empty
GCA_008370425.1_00590	171	full
GCA_008370425.1_02682	0	empty
GCA_008370445.1_00322	171	full
GCA_008370595.1_00929	0	empty
GCA_009653605.1_01925	171	full
GCA_009653605.1_03083	0	empty
GCA_009665195.1_00211	0	empty
GCA_009665255.1_01692	0	empty
GCA_009762895.1_01540	171	full
GCA_009762895.1_02589	0	empty
GCA_009763905.1_00361	171	full
GCA_009763905.1_02145	0	empty
GCA_009763965.1_00167	0	empty
GCA_009764025.1_00918	0	empty
GCA_009899585.1_02264	171	full
GCA_012275105.1_00813	0	empty
GCA_012275105.1_02693	171	full
GCA_013048725.1_02089	0	empty
GCA_013048735.1_03362	0	empty
GCA_013048765.1_01280	0	empty
GCA_013110925.1_00271	0	empty
GCA_013110925.1_01593	171	full
GCA_013110955.1_03256	0	empty
GCA_013110975.1_02439	0	empty
GCA_013111105.1_03019	0	empty
GCA_013111175.1_00017	0	empty
GCA_013111175.1_01463	171	full
GCA_013111215.1_02346	171	full
GCA_013111215.1_03341	0	empty
GCA_013111245.1_01775	0	empty
GCA_013111275.1_02250	0	empty
GCA_013111295.1_02047	171	full
GCA_013111295.1_03051	0	empty
GCA_013111545.1_00161	0	empty
GCA_013111585.1_01194	171	full
GCA_013111605.1_02288	0	empty
GCA_013111655.1_02788	0	empty
GCA_013357605.1_02005	0	empty
GCA_013357625.1_00978	171	full
GCA_013357645.1_00978	171	full
GCA_013357665.1_00978	171	full
GCA_013357665.1_01897	0	empty
GCA_013357685.1_01790	0	empty
GCA_013357745.1_00980	171	full
GCA_013357745.1_01905	0	empty
GCA_013357765.1_01834	0	empty
GCA_013357785.1_00977	171	full
GCA_013357785.1_01929	0	empty
GCA_013357825.1_01005	171	full
GCA_013357885.1_00989	171	full
GCA_013357885.1_01911	0	empty
GCA_013414365.1_01440	0	empty
GCA_013414375.1_00024	171	full
GCA_013414375.1_03320	0	empty
GCA_013414565.1_01590	171	full
GCA_013414565.1_03502	0	empty
GCA_014116745.1_00573	0	empty
GCA_014116745.1_02241	171	full
GCA_014281135.1_02991	0	empty
GCA_014525175.1_00283	171	full
GCA_014525175.1_02151	0	empty
GCA_014634265.1_02548	171	full
GCA_014654545.1_00039	0	empty
GCA_014654545.1_03338	171	full
GCA_014654565.1_00809	171	full
GCA_014654695.1_01532	171	full
GCA_014654695.1_01915	0	empty
GCA_015168795.1_00971	171	full
GCA_015168795.1_01880	0	empty
GCA_015830005.1_01134	171	full
GCA_015830025.1_00589	171	full
GCA_016456575.1_01412	0	empty
GCA_016456645.1_00173	0	empty
GCA_016456785.1_01191	171	full
GCA_016456805.1_00812	171	full
GCA_016456805.1_01534	0	empty
GCA_016456815.1_00506	0	empty
GCA_016456815.1_01171	171	full
GCA_016456845.1_00570	0	empty
GCA_016456855.1_00992	171	full
GCA_016456855.1_01793	0	empty
GCA_016456875.1_00729	0	empty
GCA_016456875.1_01191	171	full
GCA_016456905.1_01291	171	full
GCA_016456915.1_01852	171	full
GCA_016456995.1_00264	0	empty
GCA_016456995.1_01529	171	full
GCA_016457005.1_00938	0	empty
GCA_016457045.1_02125	171	full
GCA_016457055.1_02416	0	empty
GCA_016457125.1_01889	171	full
GCA_016457125.1_02370	0	empty
GCA_016457155.1_02259	171	full
GCA_016457185.1_00975	171	full
GCA_016457185.1_01965	0	empty
GCA_016457205.1_02105	171	full
GCA_017169525.1_01955	171	full
GCA_017169525.1_02603	0	empty
GCA_017426745.1_01543	171	full
GCA_017426765.1_00598	0	empty
GCA_017426785.1_00559	171	full
GCA_017426785.1_02221	0	empty
GCA_017426905.1_00888	171	full
GCA_017426915.1_03518	0	empty
GCA_017426965.1_02468	0	empty
GCA_017426985.1_00001	171	full
GCA_017426985.1_02672	0	empty
GCA_017814615.1_00419	171	full
GCA_018035165.1_02875	0	empty
GCA_019048845.1_02137	171	full
GCA_019048845.1_03201	0	empty
GCA_019092625.1_00088	171	full
GCA_019092625.1_00308	0	empty
GCA_019092705.1_01522	0	empty
GCA_019092805.1_01389	0	empty
GCA_019092825.1_01518	171	full
GCA_019093035.1_01648	171	full
GCA_019093085.1_01450	0	empty
GCA_019093085.1_01671	171	full
GCA_019093145.1_00403	0	empty
GCA_019273635.1_01410	171	full
GCA_019273655.1_01403	171	full
GCA_019273655.1_02237	0	empty
GCA_019350735.1_00925	171	full
GCA_019400765.1_00042	171	full
GCA_019400765.1_03524	0	empty
GCA_019448125.1_02812	171	full
GCA_019458465.1_01054	171	full
GCA_019458465.1_02012	0	empty
GCA_019780445.1_01757	171	full
GCA_019780645.1_00878	171	full
GCA_019780645.1_03150	0	empty
GCA_019846205.1_03227	0	empty
GCA_021014515.1_02890	171	full
GCA_021014515.1_02959	0	empty
GCA_021014565.1_01472	171	full
GCA_021014585.1_02206	171	full
GCA_021014585.1_03415	0	empty
GCA_021014605.1_02543	171	full
GCA_021014625.1_00839	171	full
GCA_021014625.1_03042	0	empty
GCA_021014645.1_00560	0	empty
GCA_021014705.1_02109	171	full
GCA_021014725.1_02927	0	empty
GCA_021014845.1_03417	171	full
GCA_021014865.1_00087	0	empty
GCA_021014875.1_00261	171	full
GCA_021014875.1_01193	0	empty
GCA_021166915.1_01041	0	empty
GCA_021166935.1_02020	171	full
GCA_021166935.1_02360	0	empty
GCA_021166955.1_01493	0	empty
GCA_021166975.1_02432	0	empty
GCA_021167035.1_00978	0	empty
GCA_021167035.1_02848	171	full
GCA_021228575.1_00470	0	empty
GCA_021228575.1_01427	171	full
GCA_021431945.1_02031	171	full
GCA_022758165.1_02180	0	empty
GCA_022758165.1_02498	171	full
GCA_023488285.1_01373	171	full
GCA_023488285.1_02472	0	empty
GCA_024105835.1_02251	0	empty
GCA_024105855.1_02204	0	empty
GCA_024105875.1_01096	171	full
GCA_024105925.1_02705	0	empty
GCA_024743495.1_00046	171	full
GCA_024743495.1_01301	0	empty
GCA_024743535.1_00915	0	empty
GCA_024743545.1_03166	0	empty
GCA_024745295.1_02314	171	full
GCA_024745295.1_03252	0	empty
GCA_024745935.1_02364	171	full
GCA_024746215.1_02137	171	full
GCA_024746925.1_01708	171	full
GCA_024748415.1_03212	0	empty
GCA_900185995.1_01009	171	full
GCA_900185995.1_01837	0	empty
GCA_900324435.1_01021	171	full
GCA_900538065.1_01582	171	full
GCA_900538065.1_01816	0	empty
GCA_000153945.1_00496	0	empty
GCA_000158115.1_01695	0	empty
GCA_000174235.1_01479	18	not_full
GCA_000176135.1_02548	0	empty
GCA_000176455.1_03193	21	not_full
GCA_000195475.2_02707	0	empty
GCA_000217675.1_01296	171	full
GCA_000217675.1_02175	0	empty
GCA_000221405.1_01526	18	not_full
GCA_000222145.1_01216	0	empty
GCA_000222665.2_00543	0	empty
GCA_000237625.2_02433	171	full
GCA_000237625.2_03127	0	empty
GCA_000237745.2_01763	0	empty
GCA_000237745.2_02961	153	not_full
GCA_000237745.2_02962	15	not_full
GCA_000257185.1_00383	0	empty
GCA_000257185.1_01118	171	full
GCA_000257205.1_01922	0	empty
GCA_000257205.1_01975	171	full
GCA_000272145.2_03430	0	empty
GCA_000287075.2_02263	171	full
GCA_000287095.2_00003	171	full
GCA_000287095.2_01187	0	empty
GCA_000287115.2_01950	0	empty
GCA_000287115.2_03108	171	full
GCA_000287155.2_00731	171	full
GCA_000287155.2_02576	0	empty
GCA_000303085.1_01664	18	not_full
GCA_000304995.1_01604	0	empty
GCA_000461895.1_03264	0	empty
GCA_000696385.1_00044	0	empty
GCA_000735705.2_02948	0	empty
GCA_000735705.2_02949	0	empty
GCA_000737015.1_00468	18	not_full
GCA_000737015.1_00469	171	full
GCA_000740515.2_01620	171	full
GCA_000740515.2_02731	0	empty
GCA_000740665.1_01628	0	empty
GCA_000763535.1_03406	0	empty
GCA_000772065.1_04658	0	empty
GCA_000775715.1_00820	0	empty
GCA_000775725.1_01215	0	empty
GCA_000786335.1_02629	0	empty
GCA_000786335.1_02630	0	empty
GCA_000798995.1_02603	171	full
GCA_000808535.1_01588	0	empty
GCA_000808555.1_01393	0	empty
GCA_000953755.1_02535	0	empty
GCA_000967465.2_04550	0	empty
GCA_000967495.1_03837	0	empty
GCA_001188205.1_03616	0	empty
GCA_001250195.1_00018	0	empty
GCA_001259555.1_00297	0	empty
GCA_001259555.1_00298	171	full
GCA_001259875.1_03244	0	empty
GCA_001267945.1_02207	0	empty
GCA_001274785.1_01251	0	empty
GCA_001297935.1_00122	0	empty
GCA_001399455.2_02440	0	empty
GCA_001402185.1_01961	18	not_full
GCA_001402255.1_02647	18	not_full
GCA_001402265.1_02392	18	not_full
GCA_001402685.1_01665	171	full
GCA_001402745.1_00367	0	empty
GCA_001402745.1_00368	0	empty
GCA_001402745.1_03666	18	not_full
GCA_001515085.1_02432	0	empty
GCA_001515085.1_02433	0	empty
GCA_001515115.1_02564	0	empty
GCA_001543505.1_03276	0	empty
GCA_001543505.1_03277	0	empty
GCA_001558475.2_02755	0	empty
GCA_001597715.2_01040	0	empty
GCA_001597715.2_01041	171	full
GCA_001660505.2_02168	0	empty
GCA_001660505.2_02299	171	full
GCA_001661905.2_03806	0	empty
GCA_001661905.2_03807	0	empty
GCA_001693615.1_03938	0	empty
GCA_001718015.1_02131	0	empty
GCA_001718095.1_00352	18	not_full
GCA_001857455.1_01228	18	not_full
GCA_001857485.1_02161	18	not_full
GCA_001858585.1_01480	0	empty
GCA_001860485.1_01252	0	empty
GCA_001860485.1_01253	69	not_full
GCA_001899465.1_02344	0	empty
GCA_001989695.1_01168	171	full
GCA_001989855.2_01234	0	empty
GCA_001989895.2_00968	0	empty
GCA_001989895.2_01137	171	full
GCA_001989995.2_00173	171	full
GCA_001989995.2_02911	0	empty
GCA_001990105.2_02377	171	full
GCA_001997225.1_01165	171	full
GCA_002073995.1_04199	0	empty
GCA_002073995.1_04200	0	empty
GCA_002078035.1_02859	0	empty
GCA_002194335.1_00324	0	empty
GCA_002194335.1_00325	0	empty
GCA_002196155.1_02842	0	empty
GCA_002196325.1_04477	0	empty
GCA_002196325.1_04479	0	empty
GCA_002196325.1_05535	171	full
GCA_002196325.1_05536	0	empty
GCA_002196395.1_02061	0	empty
GCA_002204075.1_01110	171	full
GCA_002204085.1_02720	0	empty
GCA_002211985.1_00911	0	empty
GCA_002212005.1_00830	0	empty
GCA_002212005.1_01614	171	full
GCA_002216685.1_01732	0	empty
GCA_002241075.1_00462	171	full
GCA_002241085.1_01682	171	full
GCA_002241165.1_01821	0	empty
GCA_002241165.1_01943	171	full
GCA_002241195.1_02096	171	full
GCA_002241235.1_00191	0	empty
GCA_002241235.1_02129	171	full
GCA_002241265.1_01514	0	empty
GCA_002241265.1_01753	171	full
GCA_002241275.1_01405	171	full
GCA_002241335.1_03357	171	full
GCA_002241375.1_00605	171	full
GCA_002241375.1_01267	0	empty
GCA_002257545.1_00935	171	full
GCA_002284125.1_00765	171	full
GCA_002284155.1_01647	18	not_full
GCA_002284205.1_02264	18	not_full
GCA_002284395.1_01287	18	not_full
GCA_002284475.1_03111	18	not_full
GCA_002284495.1_01762	18	not_full
GCA_002286405.1_01134	0	empty
GCA_002286655.1_04655	0	empty
GCA_002287625.1_02609	0	empty
GCA_002310335.1_00989	0	empty
GCA_002310335.1_01114	171	full
GCA_002742585.1_02936	0	empty
GCA_002911455.1_01168	0	empty
GCA_002911455.1_01169	0	empty
GCA_002995435.1_03057	171	full
GCA_003056705.1_02310	0	empty
GCA_003056705.1_02311	0	empty
GCA_003057015.1_02893	0	empty
GCA_003057015.1_02894	0	empty
GCA_003260135.1_01089	18	not_full
GCA_003311755.1_03548	0	empty
GCA_003311805.1_00721	0	empty
GCA_003311965.1_02916	18	not_full
GCA_003311975.1_00209	18	not_full
GCA_003312005.1_00821	18	not_full
GCA_003312065.1_01628	18	not_full
GCA_003312095.1_01402	18	not_full
GCA_003318175.1_01734	0	empty
GCA_003347725.1_02944	18	not_full
GCA_003347835.1_01569	18	not_full
GCA_003347905.1_02629	18	not_full
GCA_003347915.1_01708	0	empty
GCA_003348095.1_01215	18	not_full
GCA_003348235.1_01668	18	not_full
GCA_003348415.1_01938	18	not_full
GCA_003348735.1_03111	18	not_full
GCA_003348755.1_03144	18	not_full
GCA_003349155.1_00957	0	empty
GCA_003349155.1_02036	18	not_full
GCA_003349215.1_01115	171	full
GCA_003349215.1_02252	0	empty
GCA_003349265.1_01523	0	empty
GCA_003349495.1_00900	18	not_full
GCA_003349525.1_01265	18	not_full
GCA_003349685.1_00376	171	full
GCA_003349725.1_02317	0	empty
GCA_003449075.1_03221	0	empty
GCA_003449075.1_03344	0	empty
GCA_003585385.1_02177	18	not_full
GCA_003585385.1_02929	0	empty
GCA_003585535.1_03069	132	not_full
GCA_003585535.1_03070	15	not_full
GCA_003594945.1_02115	18	not_full
GCA_003595585.1_01830	171	full
GCA_003709525.1_03040	171	full
GCA_003716425.1_01353	18	not_full
GCA_003716465.1_00383	18	not_full
GCA_003716505.1_00966	18	not_full
GCA_004801035.1_02608	0	empty
GCA_005146325.1_00879	0	empty
GCA_005636015.1_02252	171	full
GCA_005636015.1_03120	0	empty
GCA_005636045.1_00423	171	full
GCA_005636045.1_00424	18	not_full
GCA_005636065.1_03533	171	full
GCA_005636115.1_00424	18	not_full
GCA_005636125.1_00423	171	full
GCA_005636125.1_00424	18	not_full
GCA_005636155.1_00585	171	full
GCA_005636165.1_00593	18	not_full
GCA_005636165.1_00594	171	full
GCA_006802145.1_02374	18	not_full
GCA_006802245.1_01959	171	full
GCA_006802245.1_01960	18	not_full
GCA_006802295.1_02347	18	not_full
GCA_006802375.1_03475	18	not_full
GCA_006802395.1_02698	18	not_full
GCA_006802485.1_02090	18	not_full
GCA_006802575.1_00540	18	not_full
GCA_006802595.1_03181	18	not_full
GCA_006802655.1_01770	18	not_full
GCA_006802795.1_01782	18	not_full
GCA_006802815.1_01741	18	not_full
GCA_006803025.1_02974	18	not_full
GCA_006803035.1_01904	18	not_full
GCA_006803105.1_00685	18	not_full
GCA_008083255.1_00980	18	not_full
GCA_008083415.1_00790	18	not_full
GCA_008083715.1_02408	18	not_full
GCA_008083875.1_01970	18	not_full
GCA_008084635.1_02757	0	empty
GCA_008084635.1_02758	0	empty
GCA_008084855.1_00316	18	not_full
GCA_008085635.1_01380	18	not_full
GCA_008269365.1_02619	0	empty
GCA_008269365.1_02620	0	empty
GCA_008369465.1_00288	18	not_full
GCA_008370545.1_02652	0	empty
GCA_009665255.1_00824	171	full
GCA_009763105.1_02891	0	empty
GCA_009763105.1_02892	0	empty
GCA_009763865.1_00759	0	empty
GCA_009811315.1_01086	0	empty
GCA_009811335.1_01978	0	empty
GCA_009898195.1_01523	18	not_full
GCA_009904995.1_00041	0	empty
GCA_011090235.1_00612	0	empty
GCA_011212705.1_03717	0	empty
GCA_011306175.1_02119	171	full
GCA_011806575.1_03137	0	empty
GCA_013048585.1_00629	171	full
GCA_013048585.1_01736	0	empty
GCA_013048635.1_00106	0	empty
GCA_013048725.1_02557	171	full
GCA_013048735.1_02784	171	full
GCA_013111195.1_02871	171	full
GCA_013113815.1_00923	0	empty
GCA_013113825.1_01597	171	full
GCA_013113835.1_02801	0	empty
GCA_013113905.1_02887	0	empty
GCA_013114105.1_01083	0	empty
GCA_013114135.1_01105	0	empty
GCA_013114385.1_04579	0	empty
GCA_013114685.1_00902	0	empty
GCA_013155105.1_06224	45	not_full
GCA_013214045.1_04243	0	empty
GCA_013266555.1_03298	0	empty
GCA_013266565.1_01203	0	empty
GCA_013266605.1_02830	0	empty
GCA_013266615.1_03714	0	empty
GCA_013357725.1_00975	18	not_full
GCA_013357745.1_00979	18	not_full
GCA_013357765.1_00973	18	not_full
GCA_013357785.1_00976	18	not_full
GCA_013357825.1_01004	18	not_full
GCA_013364385.1_04452	0	empty
GCA_013373305.1_01077	0	empty
GCA_014281135.1_01151	18	not_full
GCA_014634265.1_01556	0	empty
GCA_014634265.1_01557	0	empty
GCA_014634385.1_02641	171	full
GCA_015342905.1_00711	0	empty
GCA_015342905.1_03902	171	full
GCA_015343015.1_00016	0	empty
GCA_015343015.1_02059	171	full
GCA_015343425.1_01588	171	full
GCA_016456845.1_01255	18	not_full
GCA_016456905.1_01290	18	not_full
GCA_016456915.1_01851	18	not_full
GCA_016456925.1_01084	18	not_full
GCA_016457045.1_02124	18	not_full
GCA_016457205.1_02106	18	not_full
GCA_017051655.1_00778	0	empty
GCA_017051755.1_00292	0	empty
GCA_017169515.1_00973	18	not_full
GCA_017169525.1_01956	18	not_full
GCA_017169545.1_00483	18	not_full
GCA_017426745.1_02728	0	empty
GCA_017426905.1_00889	18	not_full
GCA_019092625.1_00089	18	not_full
GCA_019092705.1_01747	18	not_full
GCA_019092825.1_01519	18	not_full
GCA_019092945.1_00405	18	not_full
GCA_019093035.1_01647	18	not_full
GCA_019093085.1_01670	18	not_full
GCA_019339365.1_04096	0	empty
GCA_019339365.1_04097	0	empty
GCA_019504425.1_01789	0	empty
GCA_019846205.1_01589	171	full
GCA_020686745.1_02258	0	empty
GCA_020782075.1_00456	0	empty
GCA_021014515.1_02891	18	not_full
GCA_021014645.1_01127	18	not_full
GCA_021014825.1_00377	18	not_full
GCA_021166895.1_02801	18	not_full
GCA_021166915.1_02497	18	not_full
GCA_021166975.1_00918	18	not_full
GCA_022397495.1_02186	0	empty
GCA_022397595.1_00184	0	empty
GCA_022398025.1_00245	0	empty
GCA_022398095.1_00483	0	empty
GCA_022398215.1_00986	0	empty
GCA_023716545.1_04240	0	empty
GCA_023955485.1_01098	0	empty
GCA_023955485.1_01099	0	empty
GCA_024105975.1_03058	18	not_full
GCA_024106015.1_02375	18	not_full
GCA_024347395.1_02036	0	empty
GCA_024743535.1_02281	18	not_full
GCA_024743545.1_00251	18	not_full
GCA_024743775.1_00819	0	empty
GCA_024745065.1_01023	18	not_full
GCA_024746925.1_01709	18	not_full
GCA_024748415.1_01282	171	full
GCA_900538065.1_01583	18	not_full
GCA_902810005.1_00561	18	not_full
GCA_944738745.1_00209	0	empty
GCA_944739605.1_00285	0	empty
